{
  "fio version" : "fio-3.28",
  "timestamp" : 1680628701,
  "timestamp_ms" : 1680628701100,
  "time" : "Tue Apr  4 17:18:21 2023",
  "jobs" : [
    {
      "jobname" : "fio-seq-reads-1680628670",
      "groupid" : 0,
      "error" : 0,
      "eta" : 0,
      "elapsed" : 31,
      "job options" : {
        "name" : "fio-seq-reads-1680628670",
        "filename" : "/pool0/backups/ganeti/fio-seq-reads",
        "direct" : "1",
        "numjobs" : "1",
        "rw" : "read",
        "bs" : "256k",
        "size" : "20G",
        "ioengine" : "libaio",
        "runtime" : "30s"
      },
      "read" : {
        "io_bytes" : 131647930368,
        "io_kbytes" : 128562432,
        "bw_bytes" : 4388118074,
        "bw" : 4285271,
        "iops" : 16739.342022,
        "runtime" : 30001,
        "total_ios" : 502197,
        "short_ios" : 0,
        "drop_ios" : 0,
        "slat_ns" : {
          "min" : 8529,
          "max" : 1013410,
          "mean" : 59088.812651,
          "stddev" : 80230.962607,
          "N" : 502197
        },
        "clat_ns" : {
          "min" : 210,
          "max" : 8631,
          "mean" : 306.666710,
          "stddev" : 138.357724,
          "N" : 502197,
          "percentile" : {
            "1.000000" : 215,
            "5.000000" : 217,
            "10.000000" : 219,
            "20.000000" : 221,
            "30.000000" : 229,
            "40.000000" : 233,
            "50.000000" : 239,
            "60.000000" : 253,
            "70.000000" : 274,
            "80.000000" : 462,
            "90.000000" : 506,
            "95.000000" : 548,
            "99.000000" : 660,
            "99.500000" : 724,
            "99.900000" : 932,
            "99.950000" : 1020,
            "99.990000" : 1800
          }
        },
        "lat_ns" : {
          "min" : 8817,
          "max" : 1021778,
          "mean" : 59484.894251,
          "stddev" : 80379.372943,
          "N" : 502197
        },
        "bw_min" : 3778560,
        "bw_max" : 4349952,
        "bw_agg" : 100.000000,
        "bw_mean" : 4287930.576271,
        "bw_dev" : 91121.837945,
        "bw_samples" : 59,
        "iops_min" : 14760,
        "iops_max" : 16992,
        "iops_mean" : 16749.728814,
        "iops_stddev" : 355.931698,
        "iops_samples" : 59
      },
      "write" : {
        "io_bytes" : 0,
        "io_kbytes" : 0,
        "bw_bytes" : 0,
        "bw" : 0,
        "iops" : 0.000000,
        "runtime" : 0,
        "total_ios" : 0,
        "short_ios" : 0,
        "drop_ios" : 0,
        "slat_ns" : {
          "min" : 0,
          "max" : 0,
          "mean" : 0.000000,
          "stddev" : 0.000000,
          "N" : 0
        },
        "clat_ns" : {
          "min" : 0,
          "max" : 0,
          "mean" : 0.000000,
          "stddev" : 0.000000,
          "N" : 0
        },
        "lat_ns" : {
          "min" : 0,
          "max" : 0,
          "mean" : 0.000000,
          "stddev" : 0.000000,
          "N" : 0
        },
        "bw_min" : 0,
        "bw_max" : 0,
        "bw_agg" : 0.000000,
        "bw_mean" : 0.000000,
        "bw_dev" : 0.000000,
        "bw_samples" : 0,
        "iops_min" : 0,
        "iops_max" : 0,
        "iops_mean" : 0.000000,
        "iops_stddev" : 0.000000,
        "iops_samples" : 0
      },
      "trim" : {
        "io_bytes" : 0,
        "io_kbytes" : 0,
        "bw_bytes" : 0,
        "bw" : 0,
        "iops" : 0.000000,
        "runtime" : 0,
        "total_ios" : 0,
        "short_ios" : 0,
        "drop_ios" : 0,
        "slat_ns" : {
          "min" : 0,
          "max" : 0,
          "mean" : 0.000000,
          "stddev" : 0.000000,
          "N" : 0
        },
        "clat_ns" : {
          "min" : 0,
          "max" : 0,
          "mean" : 0.000000,
          "stddev" : 0.000000,
          "N" : 0
        },
        "lat_ns" : {
          "min" : 0,
          "max" : 0,
          "mean" : 0.000000,
          "stddev" : 0.000000,
          "N" : 0
        },
        "bw_min" : 0,
        "bw_max" : 0,
        "bw_agg" : 0.000000,
        "bw_mean" : 0.000000,
        "bw_dev" : 0.000000,
        "bw_samples" : 0,
        "iops_min" : 0,
        "iops_max" : 0,
        "iops_mean" : 0.000000,
        "iops_stddev" : 0.000000,
        "iops_samples" : 0
      },
      "sync" : {
        "total_ios" : 0,
        "lat_ns" : {
          "min" : 0,
          "max" : 0,
          "mean" : 0.000000,
          "stddev" : 0.000000,
          "N" : 0
        }
      },
      "job_runtime" : 30000,
      "usr_cpu" : 1.276667,
      "sys_cpu" : 98.700000,
      "ctx" : 45,
      "majf" : 0,
      "minf" : 83,
      "iodepth_level" : {
        "1" : 100.000000,
        "2" : 0.000000,
        "4" : 0.000000,
        "8" : 0.000000,
        "16" : 0.000000,
        "32" : 0.000000,
        ">=64" : 0.000000
      },
      "iodepth_submit" : {
        "0" : 0.000000,
        "4" : 100.000000,
        "8" : 0.000000,
        "16" : 0.000000,
        "32" : 0.000000,
        "64" : 0.000000,
        ">=64" : 0.000000
      },
      "iodepth_complete" : {
        "0" : 0.000000,
        "4" : 100.000000,
        "8" : 0.000000,
        "16" : 0.000000,
        "32" : 0.000000,
        "64" : 0.000000,
        ">=64" : 0.000000
      },
      "latency_ns" : {
        "2" : 0.000000,
        "4" : 0.000000,
        "10" : 0.000000,
        "20" : 0.000000,
        "50" : 0.000000,
        "100" : 0.000000,
        "250" : 57.843834,
        "500" : 31.090588,
        "750" : 10.650203,
        "1000" : 0.360615
      },
      "latency_us" : {
        "2" : 0.045600,
        "4" : 0.010000,
        "10" : 0.010000,
        "20" : 0.000000,
        "50" : 0.000000,
        "100" : 0.000000,
        "250" : 0.000000,
        "500" : 0.000000,
        "750" : 0.000000,
        "1000" : 0.000000
      },
      "latency_ms" : {
        "2" : 0.000000,
        "4" : 0.000000,
        "10" : 0.000000,
        "20" : 0.000000,
        "50" : 0.000000,
        "100" : 0.000000,
        "250" : 0.000000,
        "500" : 0.000000,
        "750" : 0.000000,
        "1000" : 0.000000,
        "2000" : 0.000000,
        ">=2000" : 0.000000
      },
      "latency_depth" : 1,
      "latency_target" : 0,
      "latency_percentile" : 100.000000,
      "latency_window" : 0
    }
  ]
}
