{
  "fio version" : "fio-3.28",
  "timestamp" : 1680628762,
  "timestamp_ms" : 1680628762076,
  "time" : "Tue Apr  4 17:19:22 2023",
  "jobs" : [
    {
      "jobname" : "fio-seq-writes",
      "groupid" : 0,
      "error" : 0,
      "eta" : 0,
      "elapsed" : 31,
      "job options" : {
        "name" : "fio-seq-writes",
        "filename" : "/pool0/backups/ganeti/fio-seq-writes",
        "direct" : "1",
        "numjobs" : "1",
        "rw" : "write",
        "bs" : "256k",
        "size" : "20G",
        "ioengine" : "libaio",
        "runtime" : "30s"
      },
      "read" : {
        "io_bytes" : 0,
        "io_kbytes" : 0,
        "bw_bytes" : 0,
        "bw" : 0,
        "iops" : 0.000000,
        "runtime" : 0,
        "total_ios" : 0,
        "short_ios" : 0,
        "drop_ios" : 0,
        "slat_ns" : {
          "min" : 0,
          "max" : 0,
          "mean" : 0.000000,
          "stddev" : 0.000000,
          "N" : 0
        },
        "clat_ns" : {
          "min" : 0,
          "max" : 0,
          "mean" : 0.000000,
          "stddev" : 0.000000,
          "N" : 0
        },
        "lat_ns" : {
          "min" : 0,
          "max" : 0,
          "mean" : 0.000000,
          "stddev" : 0.000000,
          "N" : 0
        },
        "bw_min" : 0,
        "bw_max" : 0,
        "bw_agg" : 0.000000,
        "bw_mean" : 0.000000,
        "bw_dev" : 0.000000,
        "bw_samples" : 0,
        "iops_min" : 0,
        "iops_max" : 0,
        "iops_mean" : 0.000000,
        "iops_stddev" : 0.000000,
        "iops_samples" : 0
      },
      "write" : {
        "io_bytes" : 79214936064,
        "io_kbytes" : 77358336,
        "bw_bytes" : 2640409855,
        "bw" : 2578525,
        "iops" : 10072.364255,
        "runtime" : 30001,
        "total_ios" : 302181,
        "short_ios" : 0,
        "drop_ios" : 0,
        "slat_ns" : {
          "min" : 11311,
          "max" : 17673905,
          "mean" : 98121.648347,
          "stddev" : 169794.380638,
          "N" : 302181
        },
        "clat_ns" : {
          "min" : 223,
          "max" : 19160,
          "mean" : 472.385362,
          "stddev" : 299.013281,
          "N" : 302181,
          "percentile" : {
            "1.000000" : 251,
            "5.000000" : 270,
            "10.000000" : 286,
            "20.000000" : 302,
            "30.000000" : 322,
            "40.000000" : 342,
            "50.000000" : 370,
            "60.000000" : 446,
            "70.000000" : 524,
            "80.000000" : 588,
            "90.000000" : 724,
            "95.000000" : 948,
            "99.000000" : 1496,
            "99.500000" : 1768,
            "99.900000" : 2672,
            "99.950000" : 3824,
            "99.990000" : 9152
          }
        },
        "lat_ns" : {
          "min" : 11674,
          "max" : 17682732,
          "mean" : 98749.951043,
          "stddev" : 170093.000915,
          "N" : 302181
        },
        "bw_min" : 1533952,
        "bw_max" : 3062784,
        "bw_agg" : 100.000000,
        "bw_mean" : 2578888.152542,
        "bw_dev" : 247833.513064,
        "bw_samples" : 59,
        "iops_min" : 5992,
        "iops_max" : 11964,
        "iops_mean" : 10073.762712,
        "iops_stddev" : 968.102167,
        "iops_samples" : 59
      },
      "trim" : {
        "io_bytes" : 0,
        "io_kbytes" : 0,
        "bw_bytes" : 0,
        "bw" : 0,
        "iops" : 0.000000,
        "runtime" : 0,
        "total_ios" : 0,
        "short_ios" : 0,
        "drop_ios" : 0,
        "slat_ns" : {
          "min" : 0,
          "max" : 0,
          "mean" : 0.000000,
          "stddev" : 0.000000,
          "N" : 0
        },
        "clat_ns" : {
          "min" : 0,
          "max" : 0,
          "mean" : 0.000000,
          "stddev" : 0.000000,
          "N" : 0
        },
        "lat_ns" : {
          "min" : 0,
          "max" : 0,
          "mean" : 0.000000,
          "stddev" : 0.000000,
          "N" : 0
        },
        "bw_min" : 0,
        "bw_max" : 0,
        "bw_agg" : 0.000000,
        "bw_mean" : 0.000000,
        "bw_dev" : 0.000000,
        "bw_samples" : 0,
        "iops_min" : 0,
        "iops_max" : 0,
        "iops_mean" : 0.000000,
        "iops_stddev" : 0.000000,
        "iops_samples" : 0
      },
      "sync" : {
        "total_ios" : 0,
        "lat_ns" : {
          "min" : 0,
          "max" : 0,
          "mean" : 0.000000,
          "stddev" : 0.000000,
          "N" : 0
        }
      },
      "job_runtime" : 30000,
      "usr_cpu" : 2.526667,
      "sys_cpu" : 95.913333,
      "ctx" : 540,
      "majf" : 0,
      "minf" : 19,
      "iodepth_level" : {
        "1" : 100.000000,
        "2" : 0.000000,
        "4" : 0.000000,
        "8" : 0.000000,
        "16" : 0.000000,
        "32" : 0.000000,
        ">=64" : 0.000000
      },
      "iodepth_submit" : {
        "0" : 0.000000,
        "4" : 100.000000,
        "8" : 0.000000,
        "16" : 0.000000,
        "32" : 0.000000,
        "64" : 0.000000,
        ">=64" : 0.000000
      },
      "iodepth_complete" : {
        "0" : 0.000000,
        "4" : 100.000000,
        "8" : 0.000000,
        "16" : 0.000000,
        "32" : 0.000000,
        "64" : 0.000000,
        ">=64" : 0.000000
      },
      "latency_ns" : {
        "2" : 0.000000,
        "4" : 0.000000,
        "10" : 0.000000,
        "20" : 0.000000,
        "50" : 0.000000,
        "100" : 0.000000,
        "250" : 0.739623,
        "500" : 65.922742,
        "750" : 24.349645,
        "1000" : 4.675013
      },
      "latency_us" : {
        "2" : 4.007532,
        "4" : 0.258123,
        "10" : 0.039711,
        "20" : 0.010000,
        "50" : 0.000000,
        "100" : 0.000000,
        "250" : 0.000000,
        "500" : 0.000000,
        "750" : 0.000000,
        "1000" : 0.000000
      },
      "latency_ms" : {
        "2" : 0.000000,
        "4" : 0.000000,
        "10" : 0.000000,
        "20" : 0.000000,
        "50" : 0.000000,
        "100" : 0.000000,
        "250" : 0.000000,
        "500" : 0.000000,
        "750" : 0.000000,
        "1000" : 0.000000,
        "2000" : 0.000000,
        ">=2000" : 0.000000
      },
      "latency_depth" : 1,
      "latency_target" : 0,
      "latency_percentile" : 100.000000,
      "latency_window" : 0
    }
  ]
}
