{
  "fio version" : "fio-3.28",
  "timestamp" : 1680628823,
  "timestamp_ms" : 1680628823745,
  "time" : "Tue Apr  4 17:20:23 2023",
  "jobs" : [
    {
      "jobname" : "fio-rand-rw-1680628670",
      "groupid" : 0,
      "error" : 0,
      "eta" : 0,
      "elapsed" : 31,
      "job options" : {
        "name" : "fio-rand-rw-1680628670",
        "filename" : "/pool0/backups/ganeti/fio-rand-rw",
        "direct" : "1",
        "numjobs" : "12",
        "rw" : "randrw",
        "bs" : "256k",
        "rwmixread" : "60",
        "rwmixwrite" : "40",
        "size" : "20G",
        "ioengine" : "libaio",
        "runtime" : "30s"
      },
      "read" : {
        "io_bytes" : 26363035648,
        "io_kbytes" : 25745152,
        "bw_bytes" : 878621418,
        "bw" : 858028,
        "iops" : 3351.674721,
        "runtime" : 30005,
        "total_ios" : 100567,
        "short_ios" : 0,
        "drop_ios" : 0,
        "slat_ns" : {
          "min" : 15404,
          "max" : 81132237,
          "mean" : 231434.668748,
          "stddev" : 764126.464518,
          "N" : 100567
        },
        "clat_ns" : {
          "min" : 239,
          "max" : 559657,
          "mean" : 1191.683037,
          "stddev" : 2301.375038,
          "N" : 100567,
          "percentile" : {
            "1.000000" : 414,
            "5.000000" : 494,
            "10.000000" : 532,
            "20.000000" : 596,
            "30.000000" : 692,
            "40.000000" : 900,
            "50.000000" : 1064,
            "60.000000" : 1208,
            "70.000000" : 1384,
            "80.000000" : 1560,
            "90.000000" : 1880,
            "95.000000" : 2256,
            "99.000000" : 3408,
            "99.500000" : 4384,
            "99.900000" : 12608,
            "99.950000" : 19328,
            "99.990000" : 85504
          }
        },
        "lat_ns" : {
          "min" : 16079,
          "max" : 81143603,
          "mean" : 233188.789563,
          "stddev" : 764422.162492,
          "N" : 100567
        },
        "bw_min" : 444928,
        "bw_max" : 2537472,
        "bw_agg" : 100.000000,
        "bw_mean" : 859972.474576,
        "bw_dev" : 24728.617459,
        "bw_samples" : 708,
        "iops_min" : 1738,
        "iops_max" : 9912,
        "iops_mean" : 3359.186441,
        "iops_stddev" : 96.595283,
        "iops_samples" : 708
      },
      "write" : {
        "io_bytes" : 17679515648,
        "io_kbytes" : 17265152,
        "bw_bytes" : 589218985,
        "bw" : 575409,
        "iops" : 2247.692051,
        "runtime" : 30005,
        "total_ios" : 67442,
        "short_ios" : 0,
        "drop_ios" : 0,
        "slat_ns" : {
          "min" : 44214,
          "max" : 107719330,
          "mean" : 4976809.009905,
          "stddev" : 2222013.858871,
          "N" : 67442
        },
        "clat_ns" : {
          "min" : 300,
          "max" : 2152085,
          "mean" : 3645.652724,
          "stddev" : 8885.855474,
          "N" : 67442,
          "percentile" : {
            "1.000000" : 772,
            "5.000000" : 1608,
            "10.000000" : 2192,
            "20.000000" : 2608,
            "30.000000" : 2896,
            "40.000000" : 3120,
            "50.000000" : 3376,
            "60.000000" : 3664,
            "70.000000" : 4016,
            "80.000000" : 4576,
            "90.000000" : 5216,
            "95.000000" : 5600,
            "99.000000" : 7648,
            "99.500000" : 9408,
            "99.900000" : 20096,
            "99.950000" : 36096,
            "99.990000" : 90624
          }
        },
        "lat_ns" : {
          "min" : 44618,
          "max" : 107728817,
          "mean" : 4982257.931838,
          "stddev" : 2222749.743438,
          "N" : 67442
        },
        "bw_min" : 360960,
        "bw_max" : 1774080,
        "bw_agg" : 100.000000,
        "bw_mean" : 576386.847458,
        "bw_dev" : 16143.173120,
        "bw_samples" : 708,
        "iops_min" : 1410,
        "iops_max" : 6930,
        "iops_mean" : 2251.389831,
        "iops_stddev" : 63.057291,
        "iops_samples" : 708
      },
      "trim" : {
        "io_bytes" : 0,
        "io_kbytes" : 0,
        "bw_bytes" : 0,
        "bw" : 0,
        "iops" : 0.000000,
        "runtime" : 0,
        "total_ios" : 0,
        "short_ios" : 0,
        "drop_ios" : 0,
        "slat_ns" : {
          "min" : 0,
          "max" : 0,
          "mean" : 0.000000,
          "stddev" : 0.000000,
          "N" : 0
        },
        "clat_ns" : {
          "min" : 0,
          "max" : 0,
          "mean" : 0.000000,
          "stddev" : 0.000000,
          "N" : 0
        },
        "lat_ns" : {
          "min" : 0,
          "max" : 0,
          "mean" : 0.000000,
          "stddev" : 0.000000,
          "N" : 0
        },
        "bw_min" : 0,
        "bw_max" : 0,
        "bw_agg" : 0.000000,
        "bw_mean" : 0.000000,
        "bw_dev" : 0.000000,
        "bw_samples" : 0,
        "iops_min" : 0,
        "iops_max" : 0,
        "iops_mean" : 0.000000,
        "iops_stddev" : 0.000000,
        "iops_samples" : 0
      },
      "sync" : {
        "total_ios" : 0,
        "lat_ns" : {
          "min" : 0,
          "max" : 0,
          "mean" : 0.000000,
          "stddev" : 0.000000,
          "N" : 0
        }
      },
      "job_runtime" : 360022,
      "usr_cpu" : 0.439695,
      "sys_cpu" : 10.281316,
      "ctx" : 81189,
      "majf" : 0,
      "minf" : 1558,
      "iodepth_level" : {
        "1" : 100.000000,
        "2" : 0.000000,
        "4" : 0.000000,
        "8" : 0.000000,
        "16" : 0.000000,
        "32" : 0.000000,
        ">=64" : 0.000000
      },
      "iodepth_submit" : {
        "0" : 0.000000,
        "4" : 100.000000,
        "8" : 0.000000,
        "16" : 0.000000,
        "32" : 0.000000,
        "64" : 0.000000,
        ">=64" : 0.000000
      },
      "iodepth_complete" : {
        "0" : 0.000000,
        "4" : 100.000000,
        "8" : 0.000000,
        "16" : 0.000000,
        "32" : 0.000000,
        "64" : 0.000000,
        ">=64" : 0.000000
      },
      "latency_ns" : {
        "2" : 0.000000,
        "4" : 0.000000,
        "10" : 0.000000,
        "20" : 0.000000,
        "50" : 0.000000,
        "100" : 0.000000,
        "250" : 0.010000,
        "500" : 3.399223,
        "750" : 16.654465,
        "1000" : 8.106113
      },
      "latency_us" : {
        "2" : 30.022796,
        "4" : 29.124630,
        "10" : 12.445167,
        "20" : 0.176776,
        "50" : 0.046426,
        "100" : 0.014880,
        "250" : 0.010000,
        "500" : 0.000000,
        "750" : 0.010000,
        "1000" : 0.000000
      },
      "latency_ms" : {
        "2" : 0.000000,
        "4" : 0.010000,
        "10" : 0.000000,
        "20" : 0.000000,
        "50" : 0.000000,
        "100" : 0.000000,
        "250" : 0.000000,
        "500" : 0.000000,
        "750" : 0.000000,
        "1000" : 0.000000,
        "2000" : 0.000000,
        ">=2000" : 0.000000
      },
      "latency_depth" : 1,
      "latency_target" : 0,
      "latency_percentile" : 100.000000,
      "latency_window" : 0
    }
  ]
}
