{
  "fio version" : "fio-3.28",
  "timestamp" : 1680628792,
  "timestamp_ms" : 1680628792726,
  "time" : "Tue Apr  4 17:19:52 2023",
  "jobs" : [
    {
      "jobname" : "fio-rand-writes-1680628670",
      "groupid" : 0,
      "error" : 0,
      "eta" : 0,
      "elapsed" : 31,
      "job options" : {
        "name" : "fio-rand-writes-1680628670",
        "filename" : "/pool0/backups/ganeti/fio-rand-writes",
        "direct" : "1",
        "numjobs" : "1",
        "rw" : "randwrite",
        "bs" : "256k",
        "size" : "20G",
        "ioengine" : "libaio",
        "runtime" : "30s"
      },
      "read" : {
        "io_bytes" : 0,
        "io_kbytes" : 0,
        "bw_bytes" : 0,
        "bw" : 0,
        "iops" : 0.000000,
        "runtime" : 0,
        "total_ios" : 0,
        "short_ios" : 0,
        "drop_ios" : 0,
        "slat_ns" : {
          "min" : 0,
          "max" : 0,
          "mean" : 0.000000,
          "stddev" : 0.000000,
          "N" : 0
        },
        "clat_ns" : {
          "min" : 0,
          "max" : 0,
          "mean" : 0.000000,
          "stddev" : 0.000000,
          "N" : 0
        },
        "lat_ns" : {
          "min" : 0,
          "max" : 0,
          "mean" : 0.000000,
          "stddev" : 0.000000,
          "N" : 0
        },
        "bw_min" : 0,
        "bw_max" : 0,
        "bw_agg" : 0.000000,
        "bw_mean" : 0.000000,
        "bw_dev" : 0.000000,
        "bw_samples" : 0,
        "iops_min" : 0,
        "iops_max" : 0,
        "iops_mean" : 0.000000,
        "iops_stddev" : 0.000000,
        "iops_samples" : 0
      },
      "write" : {
        "io_bytes" : 19174785024,
        "io_kbytes" : 18725376,
        "bw_bytes" : 639138196,
        "bw" : 624158,
        "iops" : 2438.118729,
        "runtime" : 30001,
        "total_ios" : 73146,
        "short_ios" : 0,
        "drop_ios" : 0,
        "slat_ns" : {
          "min" : 13856,
          "max" : 16909494,
          "mean" : 407804.559566,
          "stddev" : 345167.288064,
          "N" : 73146
        },
        "clat_ns" : {
          "min" : 245,
          "max" : 21926,
          "mean" : 830.956225,
          "stddev" : 651.017287,
          "N" : 73146,
          "percentile" : {
            "1.000000" : 274,
            "5.000000" : 314,
            "10.000000" : 346,
            "20.000000" : 402,
            "30.000000" : 532,
            "40.000000" : 572,
            "50.000000" : 604,
            "60.000000" : 660,
            "70.000000" : 836,
            "80.000000" : 1064,
            "90.000000" : 1672,
            "95.000000" : 2192,
            "99.000000" : 3184,
            "99.500000" : 3664,
            "99.900000" : 5024,
            "99.950000" : 6112,
            "99.990000" : 12736
          }
        },
        "lat_ns" : {
          "min" : 14256,
          "max" : 16919590,
          "mean" : 408936.466656,
          "stddev" : 345814.052924,
          "N" : 73146
        },
        "bw_min" : 351172,
        "bw_max" : 821248,
        "bw_agg" : 99.199499,
        "bw_mean" : 619162.457627,
        "bw_dev" : 118701.234424,
        "bw_samples" : 59,
        "iops_min" : 1371,
        "iops_max" : 3208,
        "iops_mean" : 2418.576271,
        "iops_stddev" : 463.721349,
        "iops_samples" : 59
      },
      "trim" : {
        "io_bytes" : 0,
        "io_kbytes" : 0,
        "bw_bytes" : 0,
        "bw" : 0,
        "iops" : 0.000000,
        "runtime" : 0,
        "total_ios" : 0,
        "short_ios" : 0,
        "drop_ios" : 0,
        "slat_ns" : {
          "min" : 0,
          "max" : 0,
          "mean" : 0.000000,
          "stddev" : 0.000000,
          "N" : 0
        },
        "clat_ns" : {
          "min" : 0,
          "max" : 0,
          "mean" : 0.000000,
          "stddev" : 0.000000,
          "N" : 0
        },
        "lat_ns" : {
          "min" : 0,
          "max" : 0,
          "mean" : 0.000000,
          "stddev" : 0.000000,
          "N" : 0
        },
        "bw_min" : 0,
        "bw_max" : 0,
        "bw_agg" : 0.000000,
        "bw_mean" : 0.000000,
        "bw_dev" : 0.000000,
        "bw_samples" : 0,
        "iops_min" : 0,
        "iops_max" : 0,
        "iops_mean" : 0.000000,
        "iops_stddev" : 0.000000,
        "iops_samples" : 0
      },
      "sync" : {
        "total_ios" : 0,
        "lat_ns" : {
          "min" : 0,
          "max" : 0,
          "mean" : 0.000000,
          "stddev" : 0.000000,
          "N" : 0
        }
      },
      "job_runtime" : 30000,
      "usr_cpu" : 0.930000,
      "sys_cpu" : 98.273333,
      "ctx" : 201,
      "majf" : 0,
      "minf" : 17,
      "iodepth_level" : {
        "1" : 100.000000,
        "2" : 0.000000,
        "4" : 0.000000,
        "8" : 0.000000,
        "16" : 0.000000,
        "32" : 0.000000,
        ">=64" : 0.000000
      },
      "iodepth_submit" : {
        "0" : 0.000000,
        "4" : 100.000000,
        "8" : 0.000000,
        "16" : 0.000000,
        "32" : 0.000000,
        "64" : 0.000000,
        ">=64" : 0.000000
      },
      "iodepth_complete" : {
        "0" : 0.000000,
        "4" : 100.000000,
        "8" : 0.000000,
        "16" : 0.000000,
        "32" : 0.000000,
        "64" : 0.000000,
        ">=64" : 0.000000
      },
      "latency_ns" : {
        "2" : 0.000000,
        "4" : 0.000000,
        "10" : 0.000000,
        "20" : 0.000000,
        "50" : 0.000000,
        "100" : 0.000000,
        "250" : 0.010000,
        "500" : 27.402729,
        "750" : 39.663139,
        "1000" : 8.980669
      },
      "latency_us" : {
        "2" : 17.389878,
        "4" : 6.250513,
        "10" : 0.288464,
        "20" : 0.013671,
        "50" : 0.010000,
        "100" : 0.000000,
        "250" : 0.000000,
        "500" : 0.000000,
        "750" : 0.000000,
        "1000" : 0.000000
      },
      "latency_ms" : {
        "2" : 0.000000,
        "4" : 0.000000,
        "10" : 0.000000,
        "20" : 0.000000,
        "50" : 0.000000,
        "100" : 0.000000,
        "250" : 0.000000,
        "500" : 0.000000,
        "750" : 0.000000,
        "1000" : 0.000000,
        "2000" : 0.000000,
        ">=2000" : 0.000000
      },
      "latency_depth" : 1,
      "latency_target" : 0,
      "latency_percentile" : 100.000000,
      "latency_window" : 0
    }
  ]
}
