{
  "fio version" : "fio-3.28",
  "timestamp" : 1680628731,
  "timestamp_ms" : 1680628731504,
  "time" : "Tue Apr  4 17:18:51 2023",
  "jobs" : [
    {
      "jobname" : "fio-rand-reads-1680628670",
      "groupid" : 0,
      "error" : 0,
      "eta" : 0,
      "elapsed" : 31,
      "job options" : {
        "name" : "fio-rand-reads-1680628670",
        "filename" : "/pool0/backups/ganeti/fio-rand-reads",
        "direct" : "1",
        "numjobs" : "1",
        "rw" : "randread",
        "bs" : "256k",
        "size" : "20G",
        "ioengine" : "libaio",
        "runtime" : "30s"
      },
      "read" : {
        "io_bytes" : 61932044288,
        "io_kbytes" : 60480512,
        "bw_bytes" : 2064332665,
        "bw" : 2015949,
        "iops" : 7874.804173,
        "runtime" : 30001,
        "total_ios" : 236252,
        "short_ios" : 0,
        "drop_ios" : 0,
        "slat_ns" : {
          "min" : 8165,
          "max" : 1076076,
          "mean" : 125985.727579,
          "stddev" : 81674.829809,
          "N" : 236252
        },
        "clat_ns" : {
          "min" : 216,
          "max" : 7739,
          "mean" : 402.348298,
          "stddev" : 129.160220,
          "N" : 236252,
          "percentile" : {
            "1.000000" : 227,
            "5.000000" : 231,
            "10.000000" : 245,
            "20.000000" : 262,
            "30.000000" : 278,
            "40.000000" : 458,
            "50.000000" : 466,
            "60.000000" : 470,
            "70.000000" : 478,
            "80.000000" : 486,
            "90.000000" : 510,
            "95.000000" : 540,
            "99.000000" : 612,
            "99.500000" : 668,
            "99.900000" : 908,
            "99.950000" : 1080,
            "99.990000" : 2992
          }
        },
        "lat_ns" : {
          "min" : 8470,
          "max" : 1083724,
          "mean" : 126502.768760,
          "stddev" : 81812.935131,
          "N" : 236252
        },
        "bw_min" : 1309184,
        "bw_max" : 2690560,
        "bw_agg" : 99.796033,
        "bw_mean" : 2011838.915254,
        "bw_dev" : 220273.946933,
        "bw_samples" : 59,
        "iops_min" : 5114,
        "iops_max" : 10510,
        "iops_mean" : 7858.745763,
        "iops_stddev" : 860.445105,
        "iops_samples" : 59
      },
      "write" : {
        "io_bytes" : 0,
        "io_kbytes" : 0,
        "bw_bytes" : 0,
        "bw" : 0,
        "iops" : 0.000000,
        "runtime" : 0,
        "total_ios" : 0,
        "short_ios" : 0,
        "drop_ios" : 0,
        "slat_ns" : {
          "min" : 0,
          "max" : 0,
          "mean" : 0.000000,
          "stddev" : 0.000000,
          "N" : 0
        },
        "clat_ns" : {
          "min" : 0,
          "max" : 0,
          "mean" : 0.000000,
          "stddev" : 0.000000,
          "N" : 0
        },
        "lat_ns" : {
          "min" : 0,
          "max" : 0,
          "mean" : 0.000000,
          "stddev" : 0.000000,
          "N" : 0
        },
        "bw_min" : 0,
        "bw_max" : 0,
        "bw_agg" : 0.000000,
        "bw_mean" : 0.000000,
        "bw_dev" : 0.000000,
        "bw_samples" : 0,
        "iops_min" : 0,
        "iops_max" : 0,
        "iops_mean" : 0.000000,
        "iops_stddev" : 0.000000,
        "iops_samples" : 0
      },
      "trim" : {
        "io_bytes" : 0,
        "io_kbytes" : 0,
        "bw_bytes" : 0,
        "bw" : 0,
        "iops" : 0.000000,
        "runtime" : 0,
        "total_ios" : 0,
        "short_ios" : 0,
        "drop_ios" : 0,
        "slat_ns" : {
          "min" : 0,
          "max" : 0,
          "mean" : 0.000000,
          "stddev" : 0.000000,
          "N" : 0
        },
        "clat_ns" : {
          "min" : 0,
          "max" : 0,
          "mean" : 0.000000,
          "stddev" : 0.000000,
          "N" : 0
        },
        "lat_ns" : {
          "min" : 0,
          "max" : 0,
          "mean" : 0.000000,
          "stddev" : 0.000000,
          "N" : 0
        },
        "bw_min" : 0,
        "bw_max" : 0,
        "bw_agg" : 0.000000,
        "bw_mean" : 0.000000,
        "bw_dev" : 0.000000,
        "bw_samples" : 0,
        "iops_min" : 0,
        "iops_max" : 0,
        "iops_mean" : 0.000000,
        "iops_stddev" : 0.000000,
        "iops_samples" : 0
      },
      "sync" : {
        "total_ios" : 0,
        "lat_ns" : {
          "min" : 0,
          "max" : 0,
          "mean" : 0.000000,
          "stddev" : 0.000000,
          "N" : 0
        }
      },
      "job_runtime" : 30000,
      "usr_cpu" : 0.836667,
      "sys_cpu" : 99.150000,
      "ctx" : 43,
      "majf" : 0,
      "minf" : 80,
      "iodepth_level" : {
        "1" : 100.000000,
        "2" : 0.000000,
        "4" : 0.000000,
        "8" : 0.000000,
        "16" : 0.000000,
        "32" : 0.000000,
        ">=64" : 0.000000
      },
      "iodepth_submit" : {
        "0" : 0.000000,
        "4" : 100.000000,
        "8" : 0.000000,
        "16" : 0.000000,
        "32" : 0.000000,
        "64" : 0.000000,
        ">=64" : 0.000000
      },
      "iodepth_complete" : {
        "0" : 0.000000,
        "4" : 100.000000,
        "8" : 0.000000,
        "16" : 0.000000,
        "32" : 0.000000,
        "64" : 0.000000,
        ">=64" : 0.000000
      },
      "latency_ns" : {
        "2" : 0.000000,
        "4" : 0.000000,
        "10" : 0.000000,
        "20" : 0.000000,
        "50" : 0.000000,
        "100" : 0.000000,
        "250" : 14.538290,
        "500" : 71.478337,
        "750" : 13.737450,
        "1000" : 0.181586
      },
      "latency_us" : {
        "2" : 0.051640,
        "4" : 0.010000,
        "10" : 0.010000,
        "20" : 0.000000,
        "50" : 0.000000,
        "100" : 0.000000,
        "250" : 0.000000,
        "500" : 0.000000,
        "750" : 0.000000,
        "1000" : 0.000000
      },
      "latency_ms" : {
        "2" : 0.000000,
        "4" : 0.000000,
        "10" : 0.000000,
        "20" : 0.000000,
        "50" : 0.000000,
        "100" : 0.000000,
        "250" : 0.000000,
        "500" : 0.000000,
        "750" : 0.000000,
        "1000" : 0.000000,
        "2000" : 0.000000,
        ">=2000" : 0.000000
      },
      "latency_depth" : 1,
      "latency_target" : 0,
      "latency_percentile" : 100.000000,
      "latency_window" : 0
    }
  ]
}
