{
  "fio version" : "fio-3.28",
  "timestamp" : 1680629119,
  "timestamp_ms" : 1680629119720,
  "time" : "Tue Apr  4 17:25:19 2023",
  "jobs" : [
    {
      "jobname" : "fio-rand-rw-1680628966",
      "groupid" : 0,
      "error" : 0,
      "eta" : 0,
      "elapsed" : 31,
      "job options" : {
        "name" : "fio-rand-rw-1680628966",
        "filename" : "/pool0/backups/ganeti/fio-rand-rw",
        "direct" : "1",
        "numjobs" : "12",
        "rw" : "randrw",
        "bs" : "256k",
        "rwmixread" : "60",
        "rwmixwrite" : "40",
        "size" : "20G",
        "ioengine" : "libaio",
        "runtime" : "30s"
      },
      "read" : {
        "io_bytes" : 25920274432,
        "io_kbytes" : 25312768,
        "bw_bytes" : 863692460,
        "bw" : 843449,
        "iops" : 3294.725267,
        "runtime" : 30011,
        "total_ios" : 98878,
        "short_ios" : 0,
        "drop_ios" : 0,
        "slat_ns" : {
          "min" : 19836,
          "max" : 81186331,
          "mean" : 244202.106353,
          "stddev" : 654337.543659,
          "N" : 98878
        },
        "clat_ns" : {
          "min" : 238,
          "max" : 415578,
          "mean" : 1238.670776,
          "stddev" : 2036.892065,
          "N" : 98878,
          "percentile" : {
            "1.000000" : 418,
            "5.000000" : 502,
            "10.000000" : 548,
            "20.000000" : 620,
            "30.000000" : 716,
            "40.000000" : 916,
            "50.000000" : 1096,
            "60.000000" : 1240,
            "70.000000" : 1432,
            "80.000000" : 1624,
            "90.000000" : 1976,
            "95.000000" : 2384,
            "99.000000" : 3760,
            "99.500000" : 4704,
            "99.900000" : 13120,
            "99.950000" : 21376,
            "99.990000" : 83456
          }
        },
        "lat_ns" : {
          "min" : 20577,
          "max" : 81190883,
          "mean" : 246027.039604,
          "stddev" : 654659.866316,
          "N" : 98878
        },
        "bw_min" : 426496,
        "bw_max" : 2531840,
        "bw_agg" : 100.000000,
        "bw_mean" : 844677.000000,
        "bw_dev" : 23897.451960,
        "bw_samples" : 708,
        "iops_min" : 1666,
        "iops_max" : 9890,
        "iops_mean" : 3299.423729,
        "iops_stddev" : 93.350752,
        "iops_samples" : 708
      },
      "write" : {
        "io_bytes" : 17373593600,
        "io_kbytes" : 16966400,
        "bw_bytes" : 578907520,
        "bw" : 565339,
        "iops" : 2208.356936,
        "runtime" : 30011,
        "total_ios" : 66275,
        "short_ios" : 0,
        "drop_ios" : 0,
        "slat_ns" : {
          "min" : 44579,
          "max" : 60754402,
          "mean" : 5051477.955790,
          "stddev" : 2086770.293613,
          "N" : 66275
        },
        "clat_ns" : {
          "min" : 270,
          "max" : 303881,
          "mean" : 3997.421969,
          "stddev" : 2651.993782,
          "N" : 66275,
          "percentile" : {
            "1.000000" : 764,
            "5.000000" : 1464,
            "10.000000" : 2416,
            "20.000000" : 2992,
            "30.000000" : 3312,
            "40.000000" : 3568,
            "50.000000" : 3824,
            "60.000000" : 4080,
            "70.000000" : 4384,
            "80.000000" : 4896,
            "90.000000" : 5728,
            "95.000000" : 6496,
            "99.000000" : 8032,
            "99.500000" : 9408,
            "99.900000" : 20864,
            "99.950000" : 34048,
            "99.990000" : 85504
          }
        },
        "lat_ns" : {
          "min" : 45377,
          "max" : 60758718,
          "mean" : 5057239.482414,
          "stddev" : 2087714.475738,
          "N" : 66275
        },
        "bw_min" : 323072,
        "bw_max" : 1757184,
        "bw_agg" : 100.000000,
        "bw_mean" : 566245.474576,
        "bw_dev" : 15791.243743,
        "bw_samples" : 708,
        "iops_min" : 1262,
        "iops_max" : 6864,
        "iops_mean" : 2211.762712,
        "iops_stddev" : 61.686990,
        "iops_samples" : 708
      },
      "trim" : {
        "io_bytes" : 0,
        "io_kbytes" : 0,
        "bw_bytes" : 0,
        "bw" : 0,
        "iops" : 0.000000,
        "runtime" : 0,
        "total_ios" : 0,
        "short_ios" : 0,
        "drop_ios" : 0,
        "slat_ns" : {
          "min" : 0,
          "max" : 0,
          "mean" : 0.000000,
          "stddev" : 0.000000,
          "N" : 0
        },
        "clat_ns" : {
          "min" : 0,
          "max" : 0,
          "mean" : 0.000000,
          "stddev" : 0.000000,
          "N" : 0
        },
        "lat_ns" : {
          "min" : 0,
          "max" : 0,
          "mean" : 0.000000,
          "stddev" : 0.000000,
          "N" : 0
        },
        "bw_min" : 0,
        "bw_max" : 0,
        "bw_agg" : 0.000000,
        "bw_mean" : 0.000000,
        "bw_dev" : 0.000000,
        "bw_samples" : 0,
        "iops_min" : 0,
        "iops_max" : 0,
        "iops_mean" : 0.000000,
        "iops_stddev" : 0.000000,
        "iops_samples" : 0
      },
      "sync" : {
        "total_ios" : 0,
        "lat_ns" : {
          "min" : 0,
          "max" : 0,
          "mean" : 0.000000,
          "stddev" : 0.000000,
          "N" : 0
        }
      },
      "job_runtime" : 360061,
      "usr_cpu" : 0.436870,
      "sys_cpu" : 10.865381,
      "ctx" : 77787,
      "majf" : 0,
      "minf" : 1605,
      "iodepth_level" : {
        "1" : 100.000000,
        "2" : 0.000000,
        "4" : 0.000000,
        "8" : 0.000000,
        "16" : 0.000000,
        "32" : 0.000000,
        ">=64" : 0.000000
      },
      "iodepth_submit" : {
        "0" : 0.000000,
        "4" : 100.000000,
        "8" : 0.000000,
        "16" : 0.000000,
        "32" : 0.000000,
        "64" : 0.000000,
        ">=64" : 0.000000
      },
      "iodepth_complete" : {
        "0" : 0.000000,
        "4" : 100.000000,
        "8" : 0.000000,
        "16" : 0.000000,
        "32" : 0.000000,
        "64" : 0.000000,
        ">=64" : 0.000000
      },
      "latency_ns" : {
        "2" : 0.000000,
        "4" : 0.000000,
        "10" : 0.000000,
        "20" : 0.000000,
        "50" : 0.000000,
        "100" : 0.000000,
        "250" : 0.010000,
        "500" : 2.885203,
        "750" : 16.696639,
        "1000" : 7.680757
      },
      "latency_us" : {
        "2" : 29.616780,
        "4" : 25.494541,
        "10" : 17.374192,
        "20" : 0.172567,
        "50" : 0.052678,
        "100" : 0.016348,
        "250" : 0.010000,
        "500" : 0.010000,
        "750" : 0.000000,
        "1000" : 0.000000
      },
      "latency_ms" : {
        "2" : 0.000000,
        "4" : 0.000000,
        "10" : 0.000000,
        "20" : 0.000000,
        "50" : 0.000000,
        "100" : 0.000000,
        "250" : 0.000000,
        "500" : 0.000000,
        "750" : 0.000000,
        "1000" : 0.000000,
        "2000" : 0.000000,
        ">=2000" : 0.000000
      },
      "latency_depth" : 1,
      "latency_target" : 0,
      "latency_percentile" : 100.000000,
      "latency_window" : 0
    }
  ]
}
