{
  "fio version" : "fio-3.28",
  "timestamp" : 1680629027,
  "timestamp_ms" : 1680629027525,
  "time" : "Tue Apr  4 17:23:47 2023",
  "jobs" : [
    {
      "jobname" : "fio-rand-reads-1680628966",
      "groupid" : 0,
      "error" : 0,
      "eta" : 0,
      "elapsed" : 31,
      "job options" : {
        "name" : "fio-rand-reads-1680628966",
        "filename" : "/pool0/backups/ganeti/fio-rand-reads",
        "direct" : "1",
        "numjobs" : "1",
        "rw" : "randread",
        "bs" : "256k",
        "size" : "20G",
        "ioengine" : "libaio",
        "runtime" : "30s"
      },
      "read" : {
        "io_bytes" : 60829990912,
        "io_kbytes" : 59404288,
        "bw_bytes" : 2027598777,
        "bw" : 1980076,
        "iops" : 7734.675511,
        "runtime" : 30001,
        "total_ios" : 232048,
        "short_ios" : 0,
        "drop_ios" : 0,
        "slat_ns" : {
          "min" : 8431,
          "max" : 1039628,
          "mean" : 128207.787242,
          "stddev" : 83148.396615,
          "N" : 232048
        },
        "clat_ns" : {
          "min" : 223,
          "max" : 7675,
          "mean" : 436.420241,
          "stddev" : 139.943778,
          "N" : 232048,
          "percentile" : {
            "1.000000" : 233,
            "5.000000" : 251,
            "10.000000" : 266,
            "20.000000" : 286,
            "30.000000" : 306,
            "40.000000" : 474,
            "50.000000" : 502,
            "60.000000" : 510,
            "70.000000" : 516,
            "80.000000" : 524,
            "90.000000" : 572,
            "95.000000" : 604,
            "99.000000" : 668,
            "99.500000" : 716,
            "99.900000" : 908,
            "99.950000" : 1080,
            "99.990000" : 4896
          }
        },
        "lat_ns" : {
          "min" : 8784,
          "max" : 1047884,
          "mean" : 128762.147207,
          "stddev" : 83295.750139,
          "N" : 232048
        },
        "bw_min" : 1224704,
        "bw_max" : 2718720,
        "bw_agg" : 99.859302,
        "bw_mean" : 1977291.932203,
        "bw_dev" : 232103.696542,
        "bw_samples" : 59,
        "iops_min" : 4784,
        "iops_max" : 10620,
        "iops_mean" : 7723.796610,
        "iops_stddev" : 906.655065,
        "iops_samples" : 59
      },
      "write" : {
        "io_bytes" : 0,
        "io_kbytes" : 0,
        "bw_bytes" : 0,
        "bw" : 0,
        "iops" : 0.000000,
        "runtime" : 0,
        "total_ios" : 0,
        "short_ios" : 0,
        "drop_ios" : 0,
        "slat_ns" : {
          "min" : 0,
          "max" : 0,
          "mean" : 0.000000,
          "stddev" : 0.000000,
          "N" : 0
        },
        "clat_ns" : {
          "min" : 0,
          "max" : 0,
          "mean" : 0.000000,
          "stddev" : 0.000000,
          "N" : 0
        },
        "lat_ns" : {
          "min" : 0,
          "max" : 0,
          "mean" : 0.000000,
          "stddev" : 0.000000,
          "N" : 0
        },
        "bw_min" : 0,
        "bw_max" : 0,
        "bw_agg" : 0.000000,
        "bw_mean" : 0.000000,
        "bw_dev" : 0.000000,
        "bw_samples" : 0,
        "iops_min" : 0,
        "iops_max" : 0,
        "iops_mean" : 0.000000,
        "iops_stddev" : 0.000000,
        "iops_samples" : 0
      },
      "trim" : {
        "io_bytes" : 0,
        "io_kbytes" : 0,
        "bw_bytes" : 0,
        "bw" : 0,
        "iops" : 0.000000,
        "runtime" : 0,
        "total_ios" : 0,
        "short_ios" : 0,
        "drop_ios" : 0,
        "slat_ns" : {
          "min" : 0,
          "max" : 0,
          "mean" : 0.000000,
          "stddev" : 0.000000,
          "N" : 0
        },
        "clat_ns" : {
          "min" : 0,
          "max" : 0,
          "mean" : 0.000000,
          "stddev" : 0.000000,
          "N" : 0
        },
        "lat_ns" : {
          "min" : 0,
          "max" : 0,
          "mean" : 0.000000,
          "stddev" : 0.000000,
          "N" : 0
        },
        "bw_min" : 0,
        "bw_max" : 0,
        "bw_agg" : 0.000000,
        "bw_mean" : 0.000000,
        "bw_dev" : 0.000000,
        "bw_samples" : 0,
        "iops_min" : 0,
        "iops_max" : 0,
        "iops_mean" : 0.000000,
        "iops_stddev" : 0.000000,
        "iops_samples" : 0
      },
      "sync" : {
        "total_ios" : 0,
        "lat_ns" : {
          "min" : 0,
          "max" : 0,
          "mean" : 0.000000,
          "stddev" : 0.000000,
          "N" : 0
        }
      },
      "job_runtime" : 30000,
      "usr_cpu" : 0.783333,
      "sys_cpu" : 99.203333,
      "ctx" : 29,
      "majf" : 0,
      "minf" : 79,
      "iodepth_level" : {
        "1" : 100.000000,
        "2" : 0.000000,
        "4" : 0.000000,
        "8" : 0.000000,
        "16" : 0.000000,
        "32" : 0.000000,
        ">=64" : 0.000000
      },
      "iodepth_submit" : {
        "0" : 0.000000,
        "4" : 100.000000,
        "8" : 0.000000,
        "16" : 0.000000,
        "32" : 0.000000,
        "64" : 0.000000,
        ">=64" : 0.000000
      },
      "iodepth_complete" : {
        "0" : 0.000000,
        "4" : 100.000000,
        "8" : 0.000000,
        "16" : 0.000000,
        "32" : 0.000000,
        "64" : 0.000000,
        ">=64" : 0.000000
      },
      "latency_ns" : {
        "2" : 0.000000,
        "4" : 0.000000,
        "10" : 0.000000,
        "20" : 0.000000,
        "50" : 0.000000,
        "100" : 0.000000,
        "250" : 4.783493,
        "500" : 43.879284,
        "750" : 51.059264,
        "1000" : 0.218920
      },
      "latency_us" : {
        "2" : 0.044387,
        "4" : 0.010000,
        "10" : 0.012928,
        "20" : 0.000000,
        "50" : 0.000000,
        "100" : 0.000000,
        "250" : 0.000000,
        "500" : 0.000000,
        "750" : 0.000000,
        "1000" : 0.000000
      },
      "latency_ms" : {
        "2" : 0.000000,
        "4" : 0.000000,
        "10" : 0.000000,
        "20" : 0.000000,
        "50" : 0.000000,
        "100" : 0.000000,
        "250" : 0.000000,
        "500" : 0.000000,
        "750" : 0.000000,
        "1000" : 0.000000,
        "2000" : 0.000000,
        ">=2000" : 0.000000
      },
      "latency_depth" : 1,
      "latency_target" : 0,
      "latency_percentile" : 100.000000,
      "latency_window" : 0
    }
  ]
}
