{
  "fio version" : "fio-3.28",
  "timestamp" : 1680629088,
  "timestamp_ms" : 1680629088521,
  "time" : "Tue Apr  4 17:24:48 2023",
  "jobs" : [
    {
      "jobname" : "fio-rand-writes-1680628966",
      "groupid" : 0,
      "error" : 0,
      "eta" : 0,
      "elapsed" : 31,
      "job options" : {
        "name" : "fio-rand-writes-1680628966",
        "filename" : "/pool0/backups/ganeti/fio-rand-writes",
        "direct" : "1",
        "numjobs" : "1",
        "rw" : "randwrite",
        "bs" : "256k",
        "size" : "20G",
        "ioengine" : "libaio",
        "runtime" : "30s"
      },
      "read" : {
        "io_bytes" : 0,
        "io_kbytes" : 0,
        "bw_bytes" : 0,
        "bw" : 0,
        "iops" : 0.000000,
        "runtime" : 0,
        "total_ios" : 0,
        "short_ios" : 0,
        "drop_ios" : 0,
        "slat_ns" : {
          "min" : 0,
          "max" : 0,
          "mean" : 0.000000,
          "stddev" : 0.000000,
          "N" : 0
        },
        "clat_ns" : {
          "min" : 0,
          "max" : 0,
          "mean" : 0.000000,
          "stddev" : 0.000000,
          "N" : 0
        },
        "lat_ns" : {
          "min" : 0,
          "max" : 0,
          "mean" : 0.000000,
          "stddev" : 0.000000,
          "N" : 0
        },
        "bw_min" : 0,
        "bw_max" : 0,
        "bw_agg" : 0.000000,
        "bw_mean" : 0.000000,
        "bw_dev" : 0.000000,
        "bw_samples" : 0,
        "iops_min" : 0,
        "iops_max" : 0,
        "iops_mean" : 0.000000,
        "iops_stddev" : 0.000000,
        "iops_samples" : 0
      },
      "write" : {
        "io_bytes" : 20521680896,
        "io_kbytes" : 20040704,
        "bw_bytes" : 684033228,
        "bw" : 668001,
        "iops" : 2609.379687,
        "runtime" : 30001,
        "total_ios" : 78284,
        "short_ios" : 0,
        "drop_ios" : 0,
        "slat_ns" : {
          "min" : 15932,
          "max" : 20253708,
          "mean" : 380946.831166,
          "stddev" : 325091.915005,
          "N" : 78284
        },
        "clat_ns" : {
          "min" : 224,
          "max" : 25176,
          "mean" : 786.887665,
          "stddev" : 652.413932,
          "N" : 78284,
          "percentile" : {
            "1.000000" : 243,
            "5.000000" : 278,
            "10.000000" : 302,
            "20.000000" : 354,
            "30.000000" : 490,
            "40.000000" : 556,
            "50.000000" : 604,
            "60.000000" : 660,
            "70.000000" : 740,
            "80.000000" : 964,
            "90.000000" : 1624,
            "95.000000" : 2192,
            "99.000000" : 3152,
            "99.500000" : 3568,
            "99.900000" : 4832,
            "99.950000" : 6496,
            "99.990000" : 12352
          }
        },
        "lat_ns" : {
          "min" : 16346,
          "max" : 20265859,
          "mean" : 382057.901040,
          "stddev" : 325760.073125,
          "N" : 78284
        },
        "bw_min" : 381952,
        "bw_max" : 957952,
        "bw_agg" : 99.656558,
        "bw_mean" : 665707.423729,
        "bw_dev" : 102358.615073,
        "bw_samples" : 59,
        "iops_min" : 1492,
        "iops_max" : 3742,
        "iops_mean" : 2600.406780,
        "iops_stddev" : 399.837688,
        "iops_samples" : 59
      },
      "trim" : {
        "io_bytes" : 0,
        "io_kbytes" : 0,
        "bw_bytes" : 0,
        "bw" : 0,
        "iops" : 0.000000,
        "runtime" : 0,
        "total_ios" : 0,
        "short_ios" : 0,
        "drop_ios" : 0,
        "slat_ns" : {
          "min" : 0,
          "max" : 0,
          "mean" : 0.000000,
          "stddev" : 0.000000,
          "N" : 0
        },
        "clat_ns" : {
          "min" : 0,
          "max" : 0,
          "mean" : 0.000000,
          "stddev" : 0.000000,
          "N" : 0
        },
        "lat_ns" : {
          "min" : 0,
          "max" : 0,
          "mean" : 0.000000,
          "stddev" : 0.000000,
          "N" : 0
        },
        "bw_min" : 0,
        "bw_max" : 0,
        "bw_agg" : 0.000000,
        "bw_mean" : 0.000000,
        "bw_dev" : 0.000000,
        "bw_samples" : 0,
        "iops_min" : 0,
        "iops_max" : 0,
        "iops_mean" : 0.000000,
        "iops_stddev" : 0.000000,
        "iops_samples" : 0
      },
      "sync" : {
        "total_ios" : 0,
        "lat_ns" : {
          "min" : 0,
          "max" : 0,
          "mean" : 0.000000,
          "stddev" : 0.000000,
          "N" : 0
        }
      },
      "job_runtime" : 30000,
      "usr_cpu" : 1.063333,
      "sys_cpu" : 98.350000,
      "ctx" : 197,
      "majf" : 0,
      "minf" : 193,
      "iodepth_level" : {
        "1" : 100.000000,
        "2" : 0.000000,
        "4" : 0.000000,
        "8" : 0.000000,
        "16" : 0.000000,
        "32" : 0.000000,
        ">=64" : 0.000000
      },
      "iodepth_submit" : {
        "0" : 0.000000,
        "4" : 100.000000,
        "8" : 0.000000,
        "16" : 0.000000,
        "32" : 0.000000,
        "64" : 0.000000,
        ">=64" : 0.000000
      },
      "iodepth_complete" : {
        "0" : 0.000000,
        "4" : 100.000000,
        "8" : 0.000000,
        "16" : 0.000000,
        "32" : 0.000000,
        "64" : 0.000000,
        ">=64" : 0.000000
      },
      "latency_ns" : {
        "2" : 0.000000,
        "4" : 0.000000,
        "10" : 0.000000,
        "20" : 0.000000,
        "50" : 0.000000,
        "100" : 0.000000,
        "250" : 1.393644,
        "500" : 29.463236,
        "750" : 40.176792,
        "1000" : 9.853865
      },
      "latency_us" : {
        "2" : 12.694804,
        "4" : 6.172398,
        "10" : 0.228655,
        "20" : 0.014051,
        "50" : 0.010000,
        "100" : 0.000000,
        "250" : 0.000000,
        "500" : 0.000000,
        "750" : 0.000000,
        "1000" : 0.000000
      },
      "latency_ms" : {
        "2" : 0.000000,
        "4" : 0.000000,
        "10" : 0.000000,
        "20" : 0.000000,
        "50" : 0.000000,
        "100" : 0.000000,
        "250" : 0.000000,
        "500" : 0.000000,
        "750" : 0.000000,
        "1000" : 0.000000,
        "2000" : 0.000000,
        ">=2000" : 0.000000
      },
      "latency_depth" : 1,
      "latency_target" : 0,
      "latency_percentile" : 100.000000,
      "latency_window" : 0
    }
  ]
}
