{
  "fio version" : "fio-3.28",
  "timestamp" : 1680629058,
  "timestamp_ms" : 1680629058062,
  "time" : "Tue Apr  4 17:24:18 2023",
  "jobs" : [
    {
      "jobname" : "fio-seq-writes",
      "groupid" : 0,
      "error" : 0,
      "eta" : 0,
      "elapsed" : 31,
      "job options" : {
        "name" : "fio-seq-writes",
        "filename" : "/pool0/backups/ganeti/fio-seq-writes",
        "direct" : "1",
        "numjobs" : "1",
        "rw" : "write",
        "bs" : "256k",
        "size" : "20G",
        "ioengine" : "libaio",
        "runtime" : "30s"
      },
      "read" : {
        "io_bytes" : 0,
        "io_kbytes" : 0,
        "bw_bytes" : 0,
        "bw" : 0,
        "iops" : 0.000000,
        "runtime" : 0,
        "total_ios" : 0,
        "short_ios" : 0,
        "drop_ios" : 0,
        "slat_ns" : {
          "min" : 0,
          "max" : 0,
          "mean" : 0.000000,
          "stddev" : 0.000000,
          "N" : 0
        },
        "clat_ns" : {
          "min" : 0,
          "max" : 0,
          "mean" : 0.000000,
          "stddev" : 0.000000,
          "N" : 0
        },
        "lat_ns" : {
          "min" : 0,
          "max" : 0,
          "mean" : 0.000000,
          "stddev" : 0.000000,
          "N" : 0
        },
        "bw_min" : 0,
        "bw_max" : 0,
        "bw_agg" : 0.000000,
        "bw_mean" : 0.000000,
        "bw_dev" : 0.000000,
        "bw_samples" : 0,
        "iops_min" : 0,
        "iops_max" : 0,
        "iops_mean" : 0.000000,
        "iops_stddev" : 0.000000,
        "iops_samples" : 0
      },
      "write" : {
        "io_bytes" : 78520778752,
        "io_kbytes" : 76680448,
        "bw_bytes" : 2617272049,
        "bw" : 2555929,
        "iops" : 9984.100530,
        "runtime" : 30001,
        "total_ios" : 299533,
        "short_ios" : 0,
        "drop_ios" : 0,
        "slat_ns" : {
          "min" : 11694,
          "max" : 18024914,
          "mean" : 98883.266986,
          "stddev" : 165548.128287,
          "N" : 299533
        },
        "clat_ns" : {
          "min" : 228,
          "max" : 24013,
          "mean" : 482.457509,
          "stddev" : 332.984688,
          "N" : 299533,
          "percentile" : {
            "1.000000" : 247,
            "5.000000" : 262,
            "10.000000" : 282,
            "20.000000" : 294,
            "30.000000" : 310,
            "40.000000" : 330,
            "50.000000" : 362,
            "60.000000" : 458,
            "70.000000" : 540,
            "80.000000" : 604,
            "90.000000" : 740,
            "95.000000" : 1048,
            "99.000000" : 1720,
            "99.500000" : 2024,
            "99.900000" : 3024,
            "99.950000" : 4080,
            "99.990000" : 8384
          }
        },
        "lat_ns" : {
          "min" : 12041,
          "max" : 18037302,
          "mean" : 99551.017671,
          "stddev" : 165904.735902,
          "N" : 299533
        },
        "bw_min" : 1417728,
        "bw_max" : 3037184,
        "bw_agg" : 100.000000,
        "bw_mean" : 2559727.711864,
        "bw_dev" : 255677.854545,
        "bw_samples" : 59,
        "iops_min" : 5538,
        "iops_max" : 11864,
        "iops_mean" : 9998.898305,
        "iops_stddev" : 998.753338,
        "iops_samples" : 59
      },
      "trim" : {
        "io_bytes" : 0,
        "io_kbytes" : 0,
        "bw_bytes" : 0,
        "bw" : 0,
        "iops" : 0.000000,
        "runtime" : 0,
        "total_ios" : 0,
        "short_ios" : 0,
        "drop_ios" : 0,
        "slat_ns" : {
          "min" : 0,
          "max" : 0,
          "mean" : 0.000000,
          "stddev" : 0.000000,
          "N" : 0
        },
        "clat_ns" : {
          "min" : 0,
          "max" : 0,
          "mean" : 0.000000,
          "stddev" : 0.000000,
          "N" : 0
        },
        "lat_ns" : {
          "min" : 0,
          "max" : 0,
          "mean" : 0.000000,
          "stddev" : 0.000000,
          "N" : 0
        },
        "bw_min" : 0,
        "bw_max" : 0,
        "bw_agg" : 0.000000,
        "bw_mean" : 0.000000,
        "bw_dev" : 0.000000,
        "bw_samples" : 0,
        "iops_min" : 0,
        "iops_max" : 0,
        "iops_mean" : 0.000000,
        "iops_stddev" : 0.000000,
        "iops_samples" : 0
      },
      "sync" : {
        "total_ios" : 0,
        "lat_ns" : {
          "min" : 0,
          "max" : 0,
          "mean" : 0.000000,
          "stddev" : 0.000000,
          "N" : 0
        }
      },
      "job_runtime" : 30000,
      "usr_cpu" : 2.796667,
      "sys_cpu" : 95.823333,
      "ctx" : 292,
      "majf" : 0,
      "minf" : 174,
      "iodepth_level" : {
        "1" : 100.000000,
        "2" : 0.000000,
        "4" : 0.000000,
        "8" : 0.000000,
        "16" : 0.000000,
        "32" : 0.000000,
        ">=64" : 0.000000
      },
      "iodepth_submit" : {
        "0" : 0.000000,
        "4" : 100.000000,
        "8" : 0.000000,
        "16" : 0.000000,
        "32" : 0.000000,
        "64" : 0.000000,
        ">=64" : 0.000000
      },
      "iodepth_complete" : {
        "0" : 0.000000,
        "4" : 100.000000,
        "8" : 0.000000,
        "16" : 0.000000,
        "32" : 0.000000,
        "64" : 0.000000,
        ">=64" : 0.000000
      },
      "latency_ns" : {
        "2" : 0.000000,
        "4" : 0.000000,
        "10" : 0.000000,
        "20" : 0.000000,
        "50" : 0.000000,
        "100" : 0.000000,
        "250" : 1.656245,
        "500" : 62.323350,
        "750" : 26.264218,
        "1000" : 4.232255
      },
      "latency_us" : {
        "2" : 4.989100,
        "4" : 0.479747,
        "10" : 0.050078,
        "20" : 0.010000,
        "50" : 0.010000,
        "100" : 0.000000,
        "250" : 0.000000,
        "500" : 0.000000,
        "750" : 0.000000,
        "1000" : 0.000000
      },
      "latency_ms" : {
        "2" : 0.000000,
        "4" : 0.000000,
        "10" : 0.000000,
        "20" : 0.000000,
        "50" : 0.000000,
        "100" : 0.000000,
        "250" : 0.000000,
        "500" : 0.000000,
        "750" : 0.000000,
        "1000" : 0.000000,
        "2000" : 0.000000,
        ">=2000" : 0.000000
      },
      "latency_depth" : 1,
      "latency_target" : 0,
      "latency_percentile" : 100.000000,
      "latency_window" : 0
    }
  ]
}
