{
  "fio version" : "fio-3.28",
  "timestamp" : 1680628997,
  "timestamp_ms" : 1680628997108,
  "time" : "Tue Apr  4 17:23:17 2023",
  "jobs" : [
    {
      "jobname" : "fio-seq-reads-1680628966",
      "groupid" : 0,
      "error" : 0,
      "eta" : 0,
      "elapsed" : 31,
      "job options" : {
        "name" : "fio-seq-reads-1680628966",
        "filename" : "/pool0/backups/ganeti/fio-seq-reads",
        "direct" : "1",
        "numjobs" : "1",
        "rw" : "read",
        "bs" : "256k",
        "size" : "20G",
        "ioengine" : "libaio",
        "runtime" : "30s"
      },
      "read" : {
        "io_bytes" : 132076011520,
        "io_kbytes" : 128980480,
        "bw_bytes" : 4402386971,
        "bw" : 4299206,
        "iops" : 16793.773541,
        "runtime" : 30001,
        "total_ios" : 503830,
        "short_ios" : 0,
        "drop_ios" : 0,
        "slat_ns" : {
          "min" : 8680,
          "max" : 1022995,
          "mean" : 58861.161965,
          "stddev" : 79749.535135,
          "N" : 503830
        },
        "clat_ns" : {
          "min" : 211,
          "max" : 28989,
          "mean" : 305.281849,
          "stddev" : 136.834783,
          "N" : 503830,
          "percentile" : {
            "1.000000" : 219,
            "5.000000" : 221,
            "10.000000" : 221,
            "20.000000" : 225,
            "30.000000" : 235,
            "40.000000" : 239,
            "50.000000" : 247,
            "60.000000" : 258,
            "70.000000" : 278,
            "80.000000" : 446,
            "90.000000" : 478,
            "95.000000" : 524,
            "99.000000" : 644,
            "99.500000" : 716,
            "99.900000" : 924,
            "99.950000" : 1048,
            "99.990000" : 1816
          }
        },
        "lat_ns" : {
          "min" : 8978,
          "max" : 1031115,
          "mean" : 59256.015640,
          "stddev" : 79887.801094,
          "N" : 503830
        },
        "bw_min" : 3766272,
        "bw_max" : 4370432,
        "bw_agg" : 100.000000,
        "bw_mean" : 4301633.084746,
        "bw_dev" : 94622.650807,
        "bw_samples" : 59,
        "iops_min" : 14712,
        "iops_max" : 17072,
        "iops_mean" : 16803.220339,
        "iops_stddev" : 369.629081,
        "iops_samples" : 59
      },
      "write" : {
        "io_bytes" : 0,
        "io_kbytes" : 0,
        "bw_bytes" : 0,
        "bw" : 0,
        "iops" : 0.000000,
        "runtime" : 0,
        "total_ios" : 0,
        "short_ios" : 0,
        "drop_ios" : 0,
        "slat_ns" : {
          "min" : 0,
          "max" : 0,
          "mean" : 0.000000,
          "stddev" : 0.000000,
          "N" : 0
        },
        "clat_ns" : {
          "min" : 0,
          "max" : 0,
          "mean" : 0.000000,
          "stddev" : 0.000000,
          "N" : 0
        },
        "lat_ns" : {
          "min" : 0,
          "max" : 0,
          "mean" : 0.000000,
          "stddev" : 0.000000,
          "N" : 0
        },
        "bw_min" : 0,
        "bw_max" : 0,
        "bw_agg" : 0.000000,
        "bw_mean" : 0.000000,
        "bw_dev" : 0.000000,
        "bw_samples" : 0,
        "iops_min" : 0,
        "iops_max" : 0,
        "iops_mean" : 0.000000,
        "iops_stddev" : 0.000000,
        "iops_samples" : 0
      },
      "trim" : {
        "io_bytes" : 0,
        "io_kbytes" : 0,
        "bw_bytes" : 0,
        "bw" : 0,
        "iops" : 0.000000,
        "runtime" : 0,
        "total_ios" : 0,
        "short_ios" : 0,
        "drop_ios" : 0,
        "slat_ns" : {
          "min" : 0,
          "max" : 0,
          "mean" : 0.000000,
          "stddev" : 0.000000,
          "N" : 0
        },
        "clat_ns" : {
          "min" : 0,
          "max" : 0,
          "mean" : 0.000000,
          "stddev" : 0.000000,
          "N" : 0
        },
        "lat_ns" : {
          "min" : 0,
          "max" : 0,
          "mean" : 0.000000,
          "stddev" : 0.000000,
          "N" : 0
        },
        "bw_min" : 0,
        "bw_max" : 0,
        "bw_agg" : 0.000000,
        "bw_mean" : 0.000000,
        "bw_dev" : 0.000000,
        "bw_samples" : 0,
        "iops_min" : 0,
        "iops_max" : 0,
        "iops_mean" : 0.000000,
        "iops_stddev" : 0.000000,
        "iops_samples" : 0
      },
      "sync" : {
        "total_ios" : 0,
        "lat_ns" : {
          "min" : 0,
          "max" : 0,
          "mean" : 0.000000,
          "stddev" : 0.000000,
          "N" : 0
        }
      },
      "job_runtime" : 30000,
      "usr_cpu" : 1.276667,
      "sys_cpu" : 98.706667,
      "ctx" : 38,
      "majf" : 0,
      "minf" : 82,
      "iodepth_level" : {
        "1" : 100.000000,
        "2" : 0.000000,
        "4" : 0.000000,
        "8" : 0.000000,
        "16" : 0.000000,
        "32" : 0.000000,
        ">=64" : 0.000000
      },
      "iodepth_submit" : {
        "0" : 0.000000,
        "4" : 100.000000,
        "8" : 0.000000,
        "16" : 0.000000,
        "32" : 0.000000,
        "64" : 0.000000,
        ">=64" : 0.000000
      },
      "iodepth_complete" : {
        "0" : 0.000000,
        "4" : 100.000000,
        "8" : 0.000000,
        "16" : 0.000000,
        "32" : 0.000000,
        "64" : 0.000000,
        ">=64" : 0.000000
      },
      "latency_ns" : {
        "2" : 0.000000,
        "4" : 0.000000,
        "10" : 0.000000,
        "20" : 0.000000,
        "50" : 0.000000,
        "100" : 0.000000,
        "250" : 53.090725,
        "500" : 40.018459,
        "750" : 6.526011,
        "1000" : 0.301689
      },
      "latency_us" : {
        "2" : 0.053788,
        "4" : 0.010000,
        "10" : 0.010000,
        "20" : 0.000000,
        "50" : 0.010000,
        "100" : 0.000000,
        "250" : 0.000000,
        "500" : 0.000000,
        "750" : 0.000000,
        "1000" : 0.000000
      },
      "latency_ms" : {
        "2" : 0.000000,
        "4" : 0.000000,
        "10" : 0.000000,
        "20" : 0.000000,
        "50" : 0.000000,
        "100" : 0.000000,
        "250" : 0.000000,
        "500" : 0.000000,
        "750" : 0.000000,
        "1000" : 0.000000,
        "2000" : 0.000000,
        ">=2000" : 0.000000
      },
      "latency_depth" : 1,
      "latency_target" : 0,
      "latency_percentile" : 100.000000,
      "latency_window" : 0
    }
  ]
}
