{
  "fio version" : "fio-3.28",
  "timestamp" : 1680628565,
  "timestamp_ms" : 1680628565096,
  "time" : "Tue Apr  4 17:16:05 2023",
  "jobs" : [
    {
      "jobname" : "fio-rand-writes-1680628443",
      "groupid" : 0,
      "error" : 0,
      "eta" : 0,
      "elapsed" : 31,
      "job options" : {
        "name" : "fio-rand-writes-1680628443",
        "filename" : "/pool0/backups/ganeti/fio-rand-writes",
        "direct" : "1",
        "numjobs" : "1",
        "rw" : "randwrite",
        "bs" : "256k",
        "size" : "20G",
        "ioengine" : "libaio",
        "runtime" : "30s"
      },
      "read" : {
        "io_bytes" : 0,
        "io_kbytes" : 0,
        "bw_bytes" : 0,
        "bw" : 0,
        "iops" : 0.000000,
        "runtime" : 0,
        "total_ios" : 0,
        "short_ios" : 0,
        "drop_ios" : 0,
        "slat_ns" : {
          "min" : 0,
          "max" : 0,
          "mean" : 0.000000,
          "stddev" : 0.000000,
          "N" : 0
        },
        "clat_ns" : {
          "min" : 0,
          "max" : 0,
          "mean" : 0.000000,
          "stddev" : 0.000000,
          "N" : 0
        },
        "lat_ns" : {
          "min" : 0,
          "max" : 0,
          "mean" : 0.000000,
          "stddev" : 0.000000,
          "N" : 0
        },
        "bw_min" : 0,
        "bw_max" : 0,
        "bw_agg" : 0.000000,
        "bw_mean" : 0.000000,
        "bw_dev" : 0.000000,
        "bw_samples" : 0,
        "iops_min" : 0,
        "iops_max" : 0,
        "iops_mean" : 0.000000,
        "iops_stddev" : 0.000000,
        "iops_samples" : 0
      },
      "write" : {
        "io_bytes" : 29434052608,
        "io_kbytes" : 28744192,
        "bw_bytes" : 981102383,
        "bw" : 958107,
        "iops" : 3742.608580,
        "runtime" : 30001,
        "total_ios" : 112282,
        "short_ios" : 0,
        "drop_ios" : 0,
        "slat_ns" : {
          "min" : 16722,
          "max" : 15676332,
          "mean" : 264769.848435,
          "stddev" : 253501.348841,
          "N" : 112282
        },
        "clat_ns" : {
          "min" : 234,
          "max" : 42711,
          "mean" : 778.734739,
          "stddev" : 542.561599,
          "N" : 112282,
          "percentile" : {
            "1.000000" : 258,
            "5.000000" : 294,
            "10.000000" : 322,
            "20.000000" : 422,
            "30.000000" : 540,
            "40.000000" : 580,
            "50.000000" : 628,
            "60.000000" : 724,
            "70.000000" : 836,
            "80.000000" : 1020,
            "90.000000" : 1352,
            "95.000000" : 1688,
            "99.000000" : 2608,
            "99.500000" : 3120,
            "99.900000" : 5472,
            "99.950000" : 6880,
            "99.990000" : 10560
          }
        },
        "lat_ns" : {
          "min" : 17174,
          "max" : 15688152,
          "mean" : 265890.089560,
          "stddev" : 254021.572548,
          "N" : 112282
        },
        "bw_min" : 632832,
        "bw_max" : 1358336,
        "bw_agg" : 100.000000,
        "bw_mean" : 962161.000000,
        "bw_dev" : 194741.930229,
        "bw_samples" : 59,
        "iops_min" : 2472,
        "iops_max" : 5306,
        "iops_mean" : 3758.423729,
        "iops_stddev" : 760.708998,
        "iops_samples" : 59
      },
      "trim" : {
        "io_bytes" : 0,
        "io_kbytes" : 0,
        "bw_bytes" : 0,
        "bw" : 0,
        "iops" : 0.000000,
        "runtime" : 0,
        "total_ios" : 0,
        "short_ios" : 0,
        "drop_ios" : 0,
        "slat_ns" : {
          "min" : 0,
          "max" : 0,
          "mean" : 0.000000,
          "stddev" : 0.000000,
          "N" : 0
        },
        "clat_ns" : {
          "min" : 0,
          "max" : 0,
          "mean" : 0.000000,
          "stddev" : 0.000000,
          "N" : 0
        },
        "lat_ns" : {
          "min" : 0,
          "max" : 0,
          "mean" : 0.000000,
          "stddev" : 0.000000,
          "N" : 0
        },
        "bw_min" : 0,
        "bw_max" : 0,
        "bw_agg" : 0.000000,
        "bw_mean" : 0.000000,
        "bw_dev" : 0.000000,
        "bw_samples" : 0,
        "iops_min" : 0,
        "iops_max" : 0,
        "iops_mean" : 0.000000,
        "iops_stddev" : 0.000000,
        "iops_samples" : 0
      },
      "sync" : {
        "total_ios" : 0,
        "lat_ns" : {
          "min" : 0,
          "max" : 0,
          "mean" : 0.000000,
          "stddev" : 0.000000,
          "N" : 0
        }
      },
      "job_runtime" : 30000,
      "usr_cpu" : 1.660000,
      "sys_cpu" : 90.896667,
      "ctx" : 10319,
      "majf" : 0,
      "minf" : 102,
      "iodepth_level" : {
        "1" : 100.000000,
        "2" : 0.000000,
        "4" : 0.000000,
        "8" : 0.000000,
        "16" : 0.000000,
        "32" : 0.000000,
        ">=64" : 0.000000
      },
      "iodepth_submit" : {
        "0" : 0.000000,
        "4" : 100.000000,
        "8" : 0.000000,
        "16" : 0.000000,
        "32" : 0.000000,
        "64" : 0.000000,
        ">=64" : 0.000000
      },
      "iodepth_complete" : {
        "0" : 0.000000,
        "4" : 100.000000,
        "8" : 0.000000,
        "16" : 0.000000,
        "32" : 0.000000,
        "64" : 0.000000,
        ">=64" : 0.000000
      },
      "latency_ns" : {
        "2" : 0.000000,
        "4" : 0.000000,
        "10" : 0.000000,
        "20" : 0.000000,
        "50" : 0.000000,
        "100" : 0.000000,
        "250" : 0.449760,
        "500" : 23.618211,
        "750" : 38.196683,
        "1000" : 17.038350
      },
      "latency_us" : {
        "2" : 17.830106,
        "4" : 2.649579,
        "10" : 0.204841,
        "20" : 0.010687,
        "50" : 0.010000,
        "100" : 0.000000,
        "250" : 0.000000,
        "500" : 0.000000,
        "750" : 0.000000,
        "1000" : 0.000000
      },
      "latency_ms" : {
        "2" : 0.000000,
        "4" : 0.000000,
        "10" : 0.000000,
        "20" : 0.000000,
        "50" : 0.000000,
        "100" : 0.000000,
        "250" : 0.000000,
        "500" : 0.000000,
        "750" : 0.000000,
        "1000" : 0.000000,
        "2000" : 0.000000,
        ">=2000" : 0.000000
      },
      "latency_depth" : 1,
      "latency_target" : 0,
      "latency_percentile" : 100.000000,
      "latency_window" : 0
    }
  ]
}
