{
  "fio version" : "fio-3.28",
  "timestamp" : 1680628534,
  "timestamp_ms" : 1680628534647,
  "time" : "Tue Apr  4 17:15:34 2023",
  "jobs" : [
    {
      "jobname" : "fio-seq-writes",
      "groupid" : 0,
      "error" : 0,
      "eta" : 0,
      "elapsed" : 31,
      "job options" : {
        "name" : "fio-seq-writes",
        "filename" : "/pool0/backups/ganeti/fio-seq-writes",
        "direct" : "1",
        "numjobs" : "1",
        "rw" : "write",
        "bs" : "256k",
        "size" : "20G",
        "ioengine" : "libaio",
        "runtime" : "30s"
      },
      "read" : {
        "io_bytes" : 0,
        "io_kbytes" : 0,
        "bw_bytes" : 0,
        "bw" : 0,
        "iops" : 0.000000,
        "runtime" : 0,
        "total_ios" : 0,
        "short_ios" : 0,
        "drop_ios" : 0,
        "slat_ns" : {
          "min" : 0,
          "max" : 0,
          "mean" : 0.000000,
          "stddev" : 0.000000,
          "N" : 0
        },
        "clat_ns" : {
          "min" : 0,
          "max" : 0,
          "mean" : 0.000000,
          "stddev" : 0.000000,
          "N" : 0
        },
        "lat_ns" : {
          "min" : 0,
          "max" : 0,
          "mean" : 0.000000,
          "stddev" : 0.000000,
          "N" : 0
        },
        "bw_min" : 0,
        "bw_max" : 0,
        "bw_agg" : 0.000000,
        "bw_mean" : 0.000000,
        "bw_dev" : 0.000000,
        "bw_samples" : 0,
        "iops_min" : 0,
        "iops_max" : 0,
        "iops_mean" : 0.000000,
        "iops_stddev" : 0.000000,
        "iops_samples" : 0
      },
      "write" : {
        "io_bytes" : 84275363840,
        "io_kbytes" : 82300160,
        "bw_bytes" : 2809085158,
        "bw" : 2743247,
        "iops" : 10715.809473,
        "runtime" : 30001,
        "total_ios" : 321485,
        "short_ios" : 0,
        "drop_ios" : 0,
        "slat_ns" : {
          "min" : 11414,
          "max" : 65350314,
          "mean" : 92147.790255,
          "stddev" : 201630.578229,
          "N" : 321485
        },
        "clat_ns" : {
          "min" : 238,
          "max" : 20500,
          "mean" : 475.612906,
          "stddev" : 306.599339,
          "N" : 321485,
          "percentile" : {
            "1.000000" : 258,
            "5.000000" : 270,
            "10.000000" : 278,
            "20.000000" : 298,
            "30.000000" : 314,
            "40.000000" : 334,
            "50.000000" : 374,
            "60.000000" : 466,
            "70.000000" : 524,
            "80.000000" : 588,
            "90.000000" : 732,
            "95.000000" : 964,
            "99.000000" : 1544,
            "99.500000" : 1832,
            "99.900000" : 2736,
            "99.950000" : 3664,
            "99.990000" : 9408
          }
        },
        "lat_ns" : {
          "min" : 11787,
          "max" : 65364824,
          "mean" : 92804.477304,
          "stddev" : 201897.195095,
          "N" : 321485
        },
        "bw_min" : 1847696,
        "bw_max" : 3215360,
        "bw_agg" : 100.000000,
        "bw_mean" : 2745588.118644,
        "bw_dev" : 293916.852174,
        "bw_samples" : 59,
        "iops_min" : 7217,
        "iops_max" : 12560,
        "iops_mean" : 10724.915254,
        "iops_stddev" : 1148.160362,
        "iops_samples" : 59
      },
      "trim" : {
        "io_bytes" : 0,
        "io_kbytes" : 0,
        "bw_bytes" : 0,
        "bw" : 0,
        "iops" : 0.000000,
        "runtime" : 0,
        "total_ios" : 0,
        "short_ios" : 0,
        "drop_ios" : 0,
        "slat_ns" : {
          "min" : 0,
          "max" : 0,
          "mean" : 0.000000,
          "stddev" : 0.000000,
          "N" : 0
        },
        "clat_ns" : {
          "min" : 0,
          "max" : 0,
          "mean" : 0.000000,
          "stddev" : 0.000000,
          "N" : 0
        },
        "lat_ns" : {
          "min" : 0,
          "max" : 0,
          "mean" : 0.000000,
          "stddev" : 0.000000,
          "N" : 0
        },
        "bw_min" : 0,
        "bw_max" : 0,
        "bw_agg" : 0.000000,
        "bw_mean" : 0.000000,
        "bw_dev" : 0.000000,
        "bw_samples" : 0,
        "iops_min" : 0,
        "iops_max" : 0,
        "iops_mean" : 0.000000,
        "iops_stddev" : 0.000000,
        "iops_samples" : 0
      },
      "sync" : {
        "total_ios" : 0,
        "lat_ns" : {
          "min" : 0,
          "max" : 0,
          "mean" : 0.000000,
          "stddev" : 0.000000,
          "N" : 0
        }
      },
      "job_runtime" : 30000,
      "usr_cpu" : 2.690000,
      "sys_cpu" : 95.486667,
      "ctx" : 426,
      "majf" : 0,
      "minf" : 303,
      "iodepth_level" : {
        "1" : 100.000000,
        "2" : 0.000000,
        "4" : 0.000000,
        "8" : 0.000000,
        "16" : 0.000000,
        "32" : 0.000000,
        ">=64" : 0.000000
      },
      "iodepth_submit" : {
        "0" : 0.000000,
        "4" : 100.000000,
        "8" : 0.000000,
        "16" : 0.000000,
        "32" : 0.000000,
        "64" : 0.000000,
        ">=64" : 0.000000
      },
      "iodepth_complete" : {
        "0" : 0.000000,
        "4" : 100.000000,
        "8" : 0.000000,
        "16" : 0.000000,
        "32" : 0.000000,
        "64" : 0.000000,
        ">=64" : 0.000000
      },
      "latency_ns" : {
        "2" : 0.000000,
        "4" : 0.000000,
        "10" : 0.000000,
        "20" : 0.000000,
        "50" : 0.000000,
        "100" : 0.000000,
        "250" : 0.040748,
        "500" : 65.280806,
        "750" : 25.114391,
        "1000" : 5.062134
      },
      "latency_us" : {
        "2" : 4.166913,
        "4" : 0.291460,
        "10" : 0.034216,
        "20" : 0.010000,
        "50" : 0.010000,
        "100" : 0.000000,
        "250" : 0.000000,
        "500" : 0.000000,
        "750" : 0.000000,
        "1000" : 0.000000
      },
      "latency_ms" : {
        "2" : 0.000000,
        "4" : 0.000000,
        "10" : 0.000000,
        "20" : 0.000000,
        "50" : 0.000000,
        "100" : 0.000000,
        "250" : 0.000000,
        "500" : 0.000000,
        "750" : 0.000000,
        "1000" : 0.000000,
        "2000" : 0.000000,
        ">=2000" : 0.000000
      },
      "latency_depth" : 1,
      "latency_target" : 0,
      "latency_percentile" : 100.000000,
      "latency_window" : 0
    }
  ]
}
