{
  "fio version" : "fio-3.28",
  "timestamp" : 1680628611,
  "timestamp_ms" : 1680628611547,
  "time" : "Tue Apr  4 17:16:51 2023",
  "jobs" : [
    {
      "jobname" : "fio-rand-rw-1680628443",
      "groupid" : 0,
      "error" : 0,
      "eta" : 0,
      "elapsed" : 31,
      "job options" : {
        "name" : "fio-rand-rw-1680628443",
        "filename" : "/pool0/backups/ganeti/fio-rand-rw",
        "direct" : "1",
        "numjobs" : "12",
        "rw" : "randrw",
        "bs" : "256k",
        "rwmixread" : "60",
        "rwmixwrite" : "40",
        "size" : "20G",
        "ioengine" : "libaio",
        "runtime" : "30s"
      },
      "read" : {
        "io_bytes" : 27501002752,
        "io_kbytes" : 26856448,
        "bw_bytes" : 916547333,
        "bw" : 895065,
        "iops" : 3496.350608,
        "runtime" : 30005,
        "total_ios" : 104908,
        "short_ios" : 0,
        "drop_ios" : 0,
        "slat_ns" : {
          "min" : 21665,
          "max" : 71796824,
          "mean" : 224345.863404,
          "stddev" : 548592.708759,
          "N" : 104908
        },
        "clat_ns" : {
          "min" : 240,
          "max" : 1090249,
          "mean" : 1177.700185,
          "stddev" : 5730.257924,
          "N" : 104908,
          "percentile" : {
            "1.000000" : 342,
            "5.000000" : 478,
            "10.000000" : 516,
            "20.000000" : 588,
            "30.000000" : 740,
            "40.000000" : 940,
            "50.000000" : 1080,
            "60.000000" : 1160,
            "70.000000" : 1304,
            "80.000000" : 1496,
            "90.000000" : 1704,
            "95.000000" : 2040,
            "99.000000" : 3376,
            "99.500000" : 4256,
            "99.900000" : 11456,
            "99.950000" : 14912,
            "99.990000" : 81408
          }
        },
        "lat_ns" : {
          "min" : 22428,
          "max" : 71804260,
          "mean" : 226083.971956,
          "stddev" : 548993.092027,
          "N" : 104908
        },
        "bw_min" : 360960,
        "bw_max" : 3174790,
        "bw_agg" : 100.000000,
        "bw_mean" : 895898.610169,
        "bw_dev" : 31860.492202,
        "bw_samples" : 708,
        "iops_min" : 1410,
        "iops_max" : 12400,
        "iops_mean" : 3499.203390,
        "iops_stddev" : 124.446513,
        "iops_samples" : 708
      },
      "write" : {
        "io_bytes" : 18454937600,
        "io_kbytes" : 18022400,
        "bw_bytes" : 615062076,
        "bw" : 600646,
        "iops" : 2346.275621,
        "runtime" : 30005,
        "total_ios" : 70400,
        "short_ios" : 0,
        "drop_ios" : 0,
        "slat_ns" : {
          "min" : 30455,
          "max" : 53471183,
          "mean" : 4764822.882741,
          "stddev" : 2365442.680457,
          "N" : 70400
        },
        "clat_ns" : {
          "min" : 255,
          "max" : 885585,
          "mean" : 3342.263239,
          "stddev" : 4223.458561,
          "N" : 70400,
          "percentile" : {
            "1.000000" : 548,
            "5.000000" : 1352,
            "10.000000" : 1896,
            "20.000000" : 2160,
            "30.000000" : 2352,
            "40.000000" : 2544,
            "50.000000" : 2736,
            "60.000000" : 3024,
            "70.000000" : 3504,
            "80.000000" : 4832,
            "90.000000" : 5856,
            "95.000000" : 6240,
            "99.000000" : 7072,
            "99.500000" : 7776,
            "99.900000" : 20608,
            "99.950000" : 35072,
            "99.990000" : 103936
          }
        },
        "lat_ns" : {
          "min" : 30924,
          "max" : 53480158,
          "mean" : 4769739.671974,
          "stddev" : 2366303.769724,
          "N" : 70400
        },
        "bw_min" : 284672,
        "bw_max" : 2188450,
        "bw_agg" : 100.000000,
        "bw_mean" : 601060.491525,
        "bw_dev" : 21123.246758,
        "bw_samples" : 708,
        "iops_min" : 1112,
        "iops_max" : 8546,
        "iops_mean" : 2347.389831,
        "iops_stddev" : 82.493017,
        "iops_samples" : 708
      },
      "trim" : {
        "io_bytes" : 0,
        "io_kbytes" : 0,
        "bw_bytes" : 0,
        "bw" : 0,
        "iops" : 0.000000,
        "runtime" : 0,
        "total_ios" : 0,
        "short_ios" : 0,
        "drop_ios" : 0,
        "slat_ns" : {
          "min" : 0,
          "max" : 0,
          "mean" : 0.000000,
          "stddev" : 0.000000,
          "N" : 0
        },
        "clat_ns" : {
          "min" : 0,
          "max" : 0,
          "mean" : 0.000000,
          "stddev" : 0.000000,
          "N" : 0
        },
        "lat_ns" : {
          "min" : 0,
          "max" : 0,
          "mean" : 0.000000,
          "stddev" : 0.000000,
          "N" : 0
        },
        "bw_min" : 0,
        "bw_max" : 0,
        "bw_agg" : 0.000000,
        "bw_mean" : 0.000000,
        "bw_dev" : 0.000000,
        "bw_samples" : 0,
        "iops_min" : 0,
        "iops_max" : 0,
        "iops_mean" : 0.000000,
        "iops_stddev" : 0.000000,
        "iops_samples" : 0
      },
      "sync" : {
        "total_ios" : 0,
        "lat_ns" : {
          "min" : 0,
          "max" : 0,
          "mean" : 0.000000,
          "stddev" : 0.000000,
          "N" : 0
        }
      },
      "job_runtime" : 360019,
      "usr_cpu" : 0.389146,
      "sys_cpu" : 10.780542,
      "ctx" : 80841,
      "majf" : 0,
      "minf" : 1019,
      "iodepth_level" : {
        "1" : 100.000000,
        "2" : 0.000000,
        "4" : 0.000000,
        "8" : 0.000000,
        "16" : 0.000000,
        "32" : 0.000000,
        ">=64" : 0.000000
      },
      "iodepth_submit" : {
        "0" : 0.000000,
        "4" : 100.000000,
        "8" : 0.000000,
        "16" : 0.000000,
        "32" : 0.000000,
        "64" : 0.000000,
        ">=64" : 0.000000
      },
      "iodepth_complete" : {
        "0" : 0.000000,
        "4" : 100.000000,
        "8" : 0.000000,
        "16" : 0.000000,
        "32" : 0.000000,
        "64" : 0.000000,
        ">=64" : 0.000000
      },
      "latency_ns" : {
        "2" : 0.000000,
        "4" : 0.000000,
        "10" : 0.000000,
        "20" : 0.000000,
        "50" : 0.000000,
        "100" : 0.000000,
        "250" : 0.014831,
        "500" : 4.800694,
        "750" : 14.260616,
        "1000" : 8.337897
      },
      "latency_us" : {
        "2" : 34.305337,
        "4" : 27.993588,
        "10" : 10.091382,
        "20" : 0.133479,
        "50" : 0.035366,
        "100" : 0.017113,
        "250" : 0.010000,
        "500" : 0.010000,
        "750" : 0.000000,
        "1000" : 0.010000
      },
      "latency_ms" : {
        "2" : 0.010000,
        "4" : 0.000000,
        "10" : 0.000000,
        "20" : 0.000000,
        "50" : 0.000000,
        "100" : 0.000000,
        "250" : 0.000000,
        "500" : 0.000000,
        "750" : 0.000000,
        "1000" : 0.000000,
        "2000" : 0.000000,
        ">=2000" : 0.000000
      },
      "latency_depth" : 1,
      "latency_target" : 0,
      "latency_percentile" : 100.000000,
      "latency_window" : 0
    }
  ]
}
