{
  "fio version" : "fio-3.28",
  "timestamp" : 1680628504,
  "timestamp_ms" : 1680628504034,
  "time" : "Tue Apr  4 17:15:04 2023",
  "jobs" : [
    {
      "jobname" : "fio-rand-reads-1680628443",
      "groupid" : 0,
      "error" : 0,
      "eta" : 0,
      "elapsed" : 31,
      "job options" : {
        "name" : "fio-rand-reads-1680628443",
        "filename" : "/pool0/backups/ganeti/fio-rand-reads",
        "direct" : "1",
        "numjobs" : "1",
        "rw" : "randread",
        "bs" : "256k",
        "size" : "20G",
        "ioengine" : "libaio",
        "runtime" : "30s"
      },
      "read" : {
        "io_bytes" : 59652702208,
        "io_kbytes" : 58254592,
        "bw_bytes" : 1988357128,
        "bw" : 1941755,
        "iops" : 7584.980501,
        "runtime" : 30001,
        "total_ios" : 227557,
        "short_ios" : 0,
        "drop_ios" : 0,
        "slat_ns" : {
          "min" : 8422,
          "max" : 1047218,
          "mean" : 130630.427713,
          "stddev" : 84008.663813,
          "N" : 227557
        },
        "clat_ns" : {
          "min" : 218,
          "max" : 7278,
          "mean" : 456.278471,
          "stddev" : 163.133830,
          "N" : 227557,
          "percentile" : {
            "1.000000" : 229,
            "5.000000" : 239,
            "10.000000" : 251,
            "20.000000" : 270,
            "30.000000" : 290,
            "40.000000" : 524,
            "50.000000" : 540,
            "60.000000" : 548,
            "70.000000" : 556,
            "80.000000" : 564,
            "90.000000" : 596,
            "95.000000" : 636,
            "99.000000" : 796,
            "99.500000" : 868,
            "99.900000" : 1096,
            "99.950000" : 1208,
            "99.990000" : 4384
          }
        },
        "lat_ns" : {
          "min" : 8730,
          "max" : 1055246,
          "mean" : 131226.504946,
          "stddev" : 84200.689168,
          "N" : 227557
        },
        "bw_min" : 1227776,
        "bw_max" : 2676224,
        "bw_agg" : 99.921823,
        "bw_mean" : 1940237.016949,
        "bw_dev" : 237148.173271,
        "bw_samples" : 59,
        "iops_min" : 4796,
        "iops_max" : 10454,
        "iops_mean" : 7579.084746,
        "iops_stddev" : 926.353870,
        "iops_samples" : 59
      },
      "write" : {
        "io_bytes" : 0,
        "io_kbytes" : 0,
        "bw_bytes" : 0,
        "bw" : 0,
        "iops" : 0.000000,
        "runtime" : 0,
        "total_ios" : 0,
        "short_ios" : 0,
        "drop_ios" : 0,
        "slat_ns" : {
          "min" : 0,
          "max" : 0,
          "mean" : 0.000000,
          "stddev" : 0.000000,
          "N" : 0
        },
        "clat_ns" : {
          "min" : 0,
          "max" : 0,
          "mean" : 0.000000,
          "stddev" : 0.000000,
          "N" : 0
        },
        "lat_ns" : {
          "min" : 0,
          "max" : 0,
          "mean" : 0.000000,
          "stddev" : 0.000000,
          "N" : 0
        },
        "bw_min" : 0,
        "bw_max" : 0,
        "bw_agg" : 0.000000,
        "bw_mean" : 0.000000,
        "bw_dev" : 0.000000,
        "bw_samples" : 0,
        "iops_min" : 0,
        "iops_max" : 0,
        "iops_mean" : 0.000000,
        "iops_stddev" : 0.000000,
        "iops_samples" : 0
      },
      "trim" : {
        "io_bytes" : 0,
        "io_kbytes" : 0,
        "bw_bytes" : 0,
        "bw" : 0,
        "iops" : 0.000000,
        "runtime" : 0,
        "total_ios" : 0,
        "short_ios" : 0,
        "drop_ios" : 0,
        "slat_ns" : {
          "min" : 0,
          "max" : 0,
          "mean" : 0.000000,
          "stddev" : 0.000000,
          "N" : 0
        },
        "clat_ns" : {
          "min" : 0,
          "max" : 0,
          "mean" : 0.000000,
          "stddev" : 0.000000,
          "N" : 0
        },
        "lat_ns" : {
          "min" : 0,
          "max" : 0,
          "mean" : 0.000000,
          "stddev" : 0.000000,
          "N" : 0
        },
        "bw_min" : 0,
        "bw_max" : 0,
        "bw_agg" : 0.000000,
        "bw_mean" : 0.000000,
        "bw_dev" : 0.000000,
        "bw_samples" : 0,
        "iops_min" : 0,
        "iops_max" : 0,
        "iops_mean" : 0.000000,
        "iops_stddev" : 0.000000,
        "iops_samples" : 0
      },
      "sync" : {
        "total_ios" : 0,
        "lat_ns" : {
          "min" : 0,
          "max" : 0,
          "mean" : 0.000000,
          "stddev" : 0.000000,
          "N" : 0
        }
      },
      "job_runtime" : 30000,
      "usr_cpu" : 0.930000,
      "sys_cpu" : 99.060000,
      "ctx" : 20,
      "majf" : 0,
      "minf" : 80,
      "iodepth_level" : {
        "1" : 100.000000,
        "2" : 0.000000,
        "4" : 0.000000,
        "8" : 0.000000,
        "16" : 0.000000,
        "32" : 0.000000,
        ">=64" : 0.000000
      },
      "iodepth_submit" : {
        "0" : 0.000000,
        "4" : 100.000000,
        "8" : 0.000000,
        "16" : 0.000000,
        "32" : 0.000000,
        "64" : 0.000000,
        ">=64" : 0.000000
      },
      "iodepth_complete" : {
        "0" : 0.000000,
        "4" : 100.000000,
        "8" : 0.000000,
        "16" : 0.000000,
        "32" : 0.000000,
        "64" : 0.000000,
        ">=64" : 0.000000
      },
      "latency_ns" : {
        "2" : 0.000000,
        "4" : 0.000000,
        "10" : 0.000000,
        "20" : 0.000000,
        "50" : 0.000000,
        "100" : 0.000000,
        "250" : 9.355019,
        "500" : 28.717640,
        "750" : 60.516266,
        "1000" : 1.222551
      },
      "latency_us" : {
        "2" : 0.175341,
        "4" : 0.010000,
        "10" : 0.011426,
        "20" : 0.000000,
        "50" : 0.000000,
        "100" : 0.000000,
        "250" : 0.000000,
        "500" : 0.000000,
        "750" : 0.000000,
        "1000" : 0.000000
      },
      "latency_ms" : {
        "2" : 0.000000,
        "4" : 0.000000,
        "10" : 0.000000,
        "20" : 0.000000,
        "50" : 0.000000,
        "100" : 0.000000,
        "250" : 0.000000,
        "500" : 0.000000,
        "750" : 0.000000,
        "1000" : 0.000000,
        "2000" : 0.000000,
        ">=2000" : 0.000000
      },
      "latency_depth" : 1,
      "latency_target" : 0,
      "latency_percentile" : 100.000000,
      "latency_window" : 0
    }
  ]
}
