{
  "fio version" : "fio-3.28",
  "timestamp" : 1680628473,
  "timestamp_ms" : 1680628473621,
  "time" : "Tue Apr  4 17:14:33 2023",
  "jobs" : [
    {
      "jobname" : "fio-seq-reads-1680628443",
      "groupid" : 0,
      "error" : 0,
      "eta" : 0,
      "elapsed" : 31,
      "job options" : {
        "name" : "fio-seq-reads-1680628443",
        "filename" : "/pool0/backups/ganeti/fio-seq-reads",
        "direct" : "1",
        "numjobs" : "1",
        "rw" : "read",
        "bs" : "256k",
        "size" : "20G",
        "ioengine" : "libaio",
        "runtime" : "30s"
      },
      "read" : {
        "io_bytes" : 130007957504,
        "io_kbytes" : 126960896,
        "bw_bytes" : 4333454134,
        "bw" : 4231888,
        "iops" : 16530.815639,
        "runtime" : 30001,
        "total_ios" : 495941,
        "short_ios" : 0,
        "drop_ios" : 0,
        "slat_ns" : {
          "min" : 8514,
          "max" : 1059407,
          "mean" : 59797.695587,
          "stddev" : 81470.558740,
          "N" : 495941
        },
        "clat_ns" : {
          "min" : 217,
          "max" : 32364,
          "mean" : 318.335268,
          "stddev" : 139.871571,
          "N" : 495941,
          "percentile" : {
            "1.000000" : 223,
            "5.000000" : 225,
            "10.000000" : 227,
            "20.000000" : 231,
            "30.000000" : 241,
            "40.000000" : 251,
            "50.000000" : 262,
            "60.000000" : 278,
            "70.000000" : 298,
            "80.000000" : 474,
            "90.000000" : 502,
            "95.000000" : 532,
            "99.000000" : 636,
            "99.500000" : 692,
            "99.900000" : 876,
            "99.950000" : 980,
            "99.990000" : 2096
          }
        },
        "lat_ns" : {
          "min" : 8840,
          "max" : 1067567,
          "mean" : 60208.228586,
          "stddev" : 81619.251317,
          "N" : 495941
        },
        "bw_min" : 3760128,
        "bw_max" : 4337664,
        "bw_agg" : 100.000000,
        "bw_mean" : 4234673.898305,
        "bw_dev" : 101804.783253,
        "bw_samples" : 59,
        "iops_min" : 14688,
        "iops_max" : 16944,
        "iops_mean" : 16541.694915,
        "iops_stddev" : 397.674935,
        "iops_samples" : 59
      },
      "write" : {
        "io_bytes" : 0,
        "io_kbytes" : 0,
        "bw_bytes" : 0,
        "bw" : 0,
        "iops" : 0.000000,
        "runtime" : 0,
        "total_ios" : 0,
        "short_ios" : 0,
        "drop_ios" : 0,
        "slat_ns" : {
          "min" : 0,
          "max" : 0,
          "mean" : 0.000000,
          "stddev" : 0.000000,
          "N" : 0
        },
        "clat_ns" : {
          "min" : 0,
          "max" : 0,
          "mean" : 0.000000,
          "stddev" : 0.000000,
          "N" : 0
        },
        "lat_ns" : {
          "min" : 0,
          "max" : 0,
          "mean" : 0.000000,
          "stddev" : 0.000000,
          "N" : 0
        },
        "bw_min" : 0,
        "bw_max" : 0,
        "bw_agg" : 0.000000,
        "bw_mean" : 0.000000,
        "bw_dev" : 0.000000,
        "bw_samples" : 0,
        "iops_min" : 0,
        "iops_max" : 0,
        "iops_mean" : 0.000000,
        "iops_stddev" : 0.000000,
        "iops_samples" : 0
      },
      "trim" : {
        "io_bytes" : 0,
        "io_kbytes" : 0,
        "bw_bytes" : 0,
        "bw" : 0,
        "iops" : 0.000000,
        "runtime" : 0,
        "total_ios" : 0,
        "short_ios" : 0,
        "drop_ios" : 0,
        "slat_ns" : {
          "min" : 0,
          "max" : 0,
          "mean" : 0.000000,
          "stddev" : 0.000000,
          "N" : 0
        },
        "clat_ns" : {
          "min" : 0,
          "max" : 0,
          "mean" : 0.000000,
          "stddev" : 0.000000,
          "N" : 0
        },
        "lat_ns" : {
          "min" : 0,
          "max" : 0,
          "mean" : 0.000000,
          "stddev" : 0.000000,
          "N" : 0
        },
        "bw_min" : 0,
        "bw_max" : 0,
        "bw_agg" : 0.000000,
        "bw_mean" : 0.000000,
        "bw_dev" : 0.000000,
        "bw_samples" : 0,
        "iops_min" : 0,
        "iops_max" : 0,
        "iops_mean" : 0.000000,
        "iops_stddev" : 0.000000,
        "iops_samples" : 0
      },
      "sync" : {
        "total_ios" : 0,
        "lat_ns" : {
          "min" : 0,
          "max" : 0,
          "mean" : 0.000000,
          "stddev" : 0.000000,
          "N" : 0
        }
      },
      "job_runtime" : 30000,
      "usr_cpu" : 1.010000,
      "sys_cpu" : 98.966667,
      "ctx" : 38,
      "majf" : 0,
      "minf" : 83,
      "iodepth_level" : {
        "1" : 100.000000,
        "2" : 0.000000,
        "4" : 0.000000,
        "8" : 0.000000,
        "16" : 0.000000,
        "32" : 0.000000,
        ">=64" : 0.000000
      },
      "iodepth_submit" : {
        "0" : 0.000000,
        "4" : 100.000000,
        "8" : 0.000000,
        "16" : 0.000000,
        "32" : 0.000000,
        "64" : 0.000000,
        ">=64" : 0.000000
      },
      "iodepth_complete" : {
        "0" : 0.000000,
        "4" : 100.000000,
        "8" : 0.000000,
        "16" : 0.000000,
        "32" : 0.000000,
        "64" : 0.000000,
        ">=64" : 0.000000
      },
      "latency_ns" : {
        "2" : 0.000000,
        "4" : 0.000000,
        "10" : 0.000000,
        "20" : 0.000000,
        "50" : 0.000000,
        "100" : 0.000000,
        "250" : 39.435538,
        "500" : 50.153546,
        "750" : 10.117937,
        "1000" : 0.246804
      },
      "latency_us" : {
        "2" : 0.036093,
        "4" : 0.010000,
        "10" : 0.010000,
        "20" : 0.000000,
        "50" : 0.010000,
        "100" : 0.000000,
        "250" : 0.000000,
        "500" : 0.000000,
        "750" : 0.000000,
        "1000" : 0.000000
      },
      "latency_ms" : {
        "2" : 0.000000,
        "4" : 0.000000,
        "10" : 0.000000,
        "20" : 0.000000,
        "50" : 0.000000,
        "100" : 0.000000,
        "250" : 0.000000,
        "500" : 0.000000,
        "750" : 0.000000,
        "1000" : 0.000000,
        "2000" : 0.000000,
        ">=2000" : 0.000000
      },
      "latency_depth" : 1,
      "latency_target" : 0,
      "latency_percentile" : 100.000000,
      "latency_window" : 0
    }
  ]
}
